unidades,presentacion_id,responsable_id,pedido_id,farmacia_id
2,26,159,412,20
4,59,236,8,11
4,2,117,914,25
2,6,195,102,10
2,11,129,485,10
3,17,92,832,13
5,49,120,949,16
5,58,135,60,18
3,32,141,720,10
2,5,211,587,22
5,33,110,171,22
3,40,134,446,18
5,12,148,45,11
3,31,242,157,18
2,21,214,83,22
3,1,156,751,18
5,29,140,800,16
3,12,132,790,13
5,50,245,301,16
2,22,131,223,13
3,34,186,228,25
3,55,126,300,22
2,6,219,87,17
4,57,127,191,25
4,40,113,699,13
4,50,188,617,12
2,9,235,273,12
1,23,201,254,9
4,4,169,237,19
5,57,128,815,24
1,40,124,10,10
4,49,138,639,19
3,56,219,819,10
1,21,228,222,11
1,15,174,303,19
1,58,223,930,15
5,31,162,742,23
3,5,193,440,21
1,14,92,384,11
5,5,193,183,25
4,12,214,386,25
4,24,168,314,18
5,19,187,848,10
5,12,200,219,14
4,30,151,608,10
2,37,217,668,19
1,10,233,340,16
3,57,172,647,17
3,47,112,300,14
3,38,135,905,16
1,38,129,260,23
2,27,157,599,16
1,4,153,663,19
3,52,178,918,17
4,12,244,965,16
2,12,187,549,9
1,52,100,378,24
5,15,198,794,15
3,8,160,336,13
3,25,175,205,16
2,5,247,413,21
1,42,160,938,17
4,7,239,447,10
2,3,215,326,24
1,11,111,307,12
1,49,232,895,13
2,49,194,75,12
3,54,142,302,19
1,55,125,549,19
5,32,243,731,22
5,10,98,699,21
5,59,117,585,14
2,11,247,177,21
3,33,145,681,24
3,40,93,216,24
4,22,231,351,13
2,4,203,391,16
1,55,242,242,21
3,17,118,385,21
4,39,185,902,20
3,42,166,338,10
1,48,148,958,17
2,4,142,121,9
4,17,208,422,24
3,59,180,290,16
4,8,199,40,21
4,55,230,161,9
3,55,113,50,21
2,37,92,181,25
4,24,103,712,22
5,40,121,366,10
5,18,95,661,12
2,15,210,358,20
1,14,197,297,9
3,44,119,615,12
5,33,91,910,24
3,47,229,396,21
2,49,98,798,17
4,19,172,506,16
2,43,140,847,10
2,28,107,717,13
3,32,199,172,13
5,10,106,773,19
3,9,189,34,19
4,54,124,112,22
2,59,166,398,16
1,15,245,536,23
3,54,204,593,18
5,29,224,640,11
1,47,121,977,16
5,12,191,249,22
5,9,215,781,12
1,42,126,642,19
4,58,111,227,18
1,52,92,480,15
3,58,150,59,20
5,14,149,541,14
4,39,113,389,17
4,31,121,458,14
5,49,124,636,13
2,7,235,748,18
3,44,139,569,9
4,56,238,313,10
5,35,168,128,25
5,4,220,478,17
5,33,214,9,17
2,35,163,402,15
2,46,102,870,21
2,33,142,363,22
1,13,159,201,20
2,34,200,601,24
2,40,184,653,21
4,56,195,108,19
5,40,153,47,14
5,11,250,558,17
5,56,169,817,19
4,21,98,322,9
2,39,202,422,11
2,2,150,336,12
3,50,119,722,11
2,27,119,529,13
2,33,217,133,14
3,1,194,40,14
4,10,194,850,15
3,37,248,24,15
1,25,127,323,11
2,46,181,857,19
1,49,129,600,15
4,24,159,784,16
2,13,205,617,14
1,10,216,416,25
5,23,117,583,12
3,27,189,848,22
1,45,188,83,22
4,24,196,687,13
4,33,179,486,22
4,41,144,321,20
2,44,143,689,20
4,20,181,54,13
1,19,241,804,13
5,59,152,987,10
3,29,227,580,12
3,24,234,718,20
1,5,232,761,14
5,55,131,531,25
1,60,179,856,19
1,29,102,618,24
1,19,166,683,13
1,48,248,327,24
3,53,250,824,12
1,2,137,848,15
3,51,99,46,22
5,49,203,711,21
1,56,157,796,23
5,44,161,659,23
4,4,242,487,22
2,48,140,503,12
4,43,145,226,21
1,22,213,870,14
4,47,243,621,15
2,12,165,68,20
2,10,224,883,22
2,41,246,48,13
1,11,173,497,14
3,60,172,214,9
1,21,195,315,14
4,3,117,46,15
3,51,113,522,11
4,31,160,988,18
3,47,207,211,23
3,13,245,162,20
4,37,100,55,16
2,25,189,241,24
3,56,230,966,22
5,56,157,846,18
1,36,101,788,15
4,31,139,416,18
2,33,216,65,18
4,53,96,97,13
1,35,178,1,11
5,6,158,403,13
3,10,200,675,16
2,31,157,124,14
5,41,163,647,11
3,56,217,357,18
3,26,96,635,25
3,3,142,934,23
1,25,165,166,19
4,3,105,966,14
2,23,156,470,10
1,22,156,166,13
1,8,137,748,9
5,12,191,816,22
5,15,127,564,13
5,6,148,311,22
1,19,211,937,11
3,37,135,686,20
1,54,250,436,22
3,6,153,585,16
1,15,213,608,25
4,42,223,728,11
2,48,205,791,12
1,26,230,120,16
4,45,172,24,15
4,15,153,640,21
4,60,122,802,18
5,47,216,4,17
3,33,225,950,11
1,2,218,487,10
2,9,205,916,15
3,18,157,8,18
4,21,145,91,22
5,25,197,216,23
2,2,97,850,23
1,49,176,187,20
5,47,170,151,16
2,47,123,537,18
5,28,233,27,19
3,15,122,306,21
2,48,109,125,12
3,29,249,74,16
5,14,162,874,25
3,38,238,26,20
2,14,183,926,16
1,11,181,701,18
3,25,97,956,17
2,39,120,24,21
3,29,227,640,12
2,5,232,866,11
3,38,166,194,14
1,27,222,702,18
4,19,230,200,19
1,53,171,821,18
1,44,171,34,10
1,58,125,990,14
5,39,247,136,18
5,34,152,997,16
3,27,182,717,17
2,55,138,17,16
3,16,219,674,15
3,40,222,774,12
3,4,175,621,22
3,14,132,246,13
3,29,170,955,17
1,49,97,841,23
1,21,203,663,20
2,38,189,136,18
4,5,196,827,11
1,39,195,904,11
4,9,248,168,15
4,11,156,583,20
2,19,250,83,15
5,20,138,540,17
1,56,173,316,16
1,12,179,4,10
2,18,104,836,14
5,32,207,779,12
3,54,137,427,18
3,43,128,508,10
1,44,171,825,18
2,18,249,561,14
2,9,181,975,12
4,51,180,907,11
3,1,106,740,21
5,22,105,55,16
4,47,119,837,12
2,22,216,270,9
3,12,187,314,17
1,41,190,424,21
3,4,159,537,19
1,11,120,633,22
2,5,221,468,14
3,3,101,887,22
1,37,232,391,11
3,20,220,229,17
1,41,123,833,14
5,35,190,674,12
3,15,96,311,15
1,45,127,528,21
1,52,223,835,9
1,29,187,774,15
5,16,109,943,16
5,17,217,444,19
4,27,114,553,25
2,17,247,40,13
1,32,91,700,13
3,23,185,728,19
3,34,126,819,14
4,53,134,142,11
2,27,221,375,10
1,27,147,230,14
5,39,102,183,12
2,58,155,923,23
3,22,135,640,15
4,60,231,756,18
2,27,233,296,17
4,19,154,621,10
4,6,235,203,10
1,37,140,422,15
5,21,111,973,11
2,40,134,883,20
5,11,127,105,18
2,60,229,520,11
4,7,170,53,16
3,25,191,597,22
1,15,248,335,16
5,21,196,526,9
5,59,197,152,14
2,26,147,705,14
2,57,157,546,16
1,27,138,847,11
2,48,237,446,24
3,7,185,448,19
3,38,218,782,23
5,3,157,567,25
1,23,112,674,21
4,21,162,68,20
5,44,249,796,17
4,57,117,588,20
1,47,152,154,22
4,7,96,770,22
5,23,184,895,18
3,38,113,542,10
5,59,109,429,16
5,32,240,433,17
2,58,159,471,19
2,35,116,886,14
2,44,177,385,12
3,54,191,401,23
2,43,228,679,16
1,13,105,182,23
2,41,102,278,17
4,29,208,924,13
2,2,139,56,16
4,36,190,936,9
5,27,226,894,13
1,8,234,934,12
3,3,114,475,16
5,4,204,799,10
4,49,182,573,25
3,59,132,127,17
4,40,189,718,10
1,36,178,665,12
2,27,135,920,9
1,52,163,64,22
4,56,203,576,24
1,10,101,16,23
3,21,121,349,21
5,46,130,795,17
1,53,111,158,16
2,53,219,264,16
3,24,96,600,18
3,52,151,52,13
3,31,227,349,24
4,42,101,555,22
5,17,189,898,16
1,50,101,711,12
1,31,92,25,18
3,28,225,480,24
5,24,93,220,22
2,26,114,177,11
4,25,192,673,10
2,12,127,595,22
5,3,224,786,17
5,35,160,289,14
2,42,161,913,23
2,9,225,994,10
4,6,132,894,16
3,17,178,911,20
2,31,96,270,12
1,24,139,792,14
3,41,244,561,17
1,53,137,328,16
3,3,141,907,15
2,54,249,605,18
2,40,121,952,9
1,30,183,379,19
2,18,203,216,18
2,56,157,191,19
5,39,229,784,21
4,21,174,969,11
1,33,227,878,25
4,37,128,115,18
1,29,156,484,14
3,31,102,353,11
5,33,189,81,13
1,5,186,263,12
5,17,148,117,16
4,2,200,197,14
4,27,123,347,20
3,58,236,627,20
4,3,218,268,23
2,43,230,589,11
1,23,158,578,9
5,52,94,841,17
4,31,172,352,14
5,47,239,927,13
2,58,126,963,23
2,26,161,806,23
4,57,117,300,9
2,47,228,722,12
1,30,99,337,12
2,36,235,225,13
1,9,233,104,9
4,28,96,502,13
3,37,164,924,14
5,40,232,653,21
2,32,121,831,10
4,18,170,710,21
4,58,230,859,22
3,9,154,938,22
3,1,98,799,9
5,11,181,64,19
1,32,97,377,12
1,54,92,152,19
5,43,168,436,20
5,22,156,519,15
3,18,234,893,20
3,42,185,237,20
3,47,250,601,13
2,9,128,956,22
3,49,108,637,18
3,3,207,554,16
5,12,143,529,9
5,27,106,432,19
2,7,100,786,17
4,29,114,411,18
4,30,233,710,14
3,26,190,352,11
5,33,239,877,14
3,40,129,794,20
2,35,210,46,11
3,28,209,955,10
5,56,98,770,9
4,53,144,366,16
5,19,125,939,11
5,58,91,318,21
2,53,122,364,14
2,35,204,537,18
4,37,225,594,13
1,53,250,610,13
4,19,130,334,9
4,8,156,472,25
4,11,105,80,10
4,54,247,324,22
4,25,215,393,21
4,32,204,292,23
1,29,200,708,11
2,26,173,478,9
3,2,150,41,10
4,27,212,40,17
4,46,237,61,24
1,2,93,923,22
5,35,198,981,24
4,10,109,29,9
3,42,100,666,11
5,48,147,215,14
4,45,126,330,20
5,5,113,894,21
4,48,194,977,17
5,31,141,464,20
1,52,212,345,14
5,53,229,704,19
1,13,162,134,9
2,4,154,503,13
2,35,219,680,13
1,50,138,288,24
5,29,240,225,15
1,19,109,403,15
1,5,211,547,16
3,37,144,844,21
5,22,215,199,14
1,60,111,407,14
3,8,163,144,10
2,21,108,798,9
2,17,179,853,10
2,40,226,124,18
4,11,240,983,15
5,7,179,44,9
4,59,138,986,9
2,60,219,804,16
2,14,112,363,16
1,21,209,805,11
3,58,159,35,24
3,8,118,363,13
1,3,207,163,25
3,45,177,858,21
5,8,174,422,24
3,9,180,664,16
3,46,98,506,19
3,25,185,634,14
5,38,92,897,11
4,7,117,551,11
4,60,110,249,24
1,2,240,408,15
2,40,189,297,14
2,58,172,979,17
3,27,141,342,9
2,40,201,599,25
5,29,159,923,14
2,60,181,256,16
4,31,154,892,15
1,26,241,934,21
4,36,189,939,23
3,4,249,922,16
5,20,209,739,24
2,49,199,205,14
1,17,104,306,24
3,40,106,947,9
3,46,174,15,17
2,45,241,312,19
1,5,189,158,25
3,22,139,364,24
4,20,177,120,17
2,11,218,705,23
3,1,241,529,21
5,23,157,322,18
1,51,216,474,21
4,50,142,364,22
3,58,209,766,10
4,27,217,841,20
2,35,93,502,25
3,13,157,184,14
5,44,242,979,11
4,47,207,556,12
1,8,139,239,20
1,29,96,318,14
2,42,233,431,10
2,53,235,491,24
1,45,139,162,20
2,33,190,328,20
4,12,187,242,14
4,49,230,325,15
2,45,195,95,9
4,41,240,760,14
2,29,148,253,11
4,55,155,75,14
5,21,158,844,21
1,3,137,258,24
4,30,149,603,19
3,33,169,737,25
5,49,166,403,23
2,40,228,879,23
3,18,126,282,24
2,11,181,764,16
4,44,208,752,21
1,38,128,747,17
3,22,101,605,25
2,47,107,786,16
2,43,237,804,9
1,38,150,551,13
1,53,145,354,23
4,5,104,768,10
3,51,178,387,9
5,36,237,364,10
3,13,238,422,22
5,14,147,682,20
2,40,142,4,19
3,38,237,502,16
3,58,236,954,23
2,43,244,839,16
5,26,149,624,14
1,9,125,73,25
4,42,220,801,10
5,22,115,950,24
2,34,210,188,9
5,12,212,646,20
4,23,232,88,18
5,41,100,226,11
3,53,216,682,24
4,12,135,250,22
2,35,244,636,18
4,36,229,794,19
4,59,152,550,16
2,13,93,764,9
3,48,215,163,18
4,5,228,706,13
5,5,183,673,13
1,30,156,750,18
4,12,151,198,22
4,12,244,945,15
5,23,167,874,9
4,52,156,23,16
5,49,136,294,17
5,10,240,886,10
1,9,180,850,12
1,16,163,957,15
5,47,143,275,10
1,57,209,564,20
4,23,209,108,18
3,9,219,613,17
2,27,165,943,12
1,20,172,254,9
3,27,245,982,22
4,56,216,349,13
1,32,106,775,24
1,42,166,725,24
1,10,250,967,13
3,29,121,963,11
3,18,116,411,17
3,44,136,976,17
1,14,212,556,22
3,54,92,422,21
2,55,236,420,21
5,6,200,492,9
5,8,231,979,9
5,15,116,133,21
3,16,126,409,25
5,6,211,726,19
1,41,134,469,22
5,4,165,497,10
4,33,103,219,10
4,30,178,300,18
5,13,121,864,22
4,22,167,343,20
5,18,163,772,20
4,2,132,96,18
4,30,159,287,14
3,54,205,214,12
3,25,206,871,18
5,4,94,844,13
3,56,235,628,24
5,57,205,380,22
3,7,144,558,18
3,20,193,363,13
5,49,233,402,20
3,54,201,446,21
5,39,245,302,11
2,56,240,763,21
4,6,142,611,13
3,5,163,72,13
2,31,229,997,24
4,45,158,783,21
4,45,226,307,20
1,45,175,208,17
5,8,170,100,18
5,60,192,626,19
2,58,243,139,9
3,7,103,860,15
4,27,119,565,16
1,55,99,42,15
1,30,205,250,14
1,6,248,913,18
1,56,240,49,10
4,54,162,423,9
1,50,246,380,23
1,51,97,710,18
2,35,149,309,22
3,26,209,302,15
5,2,104,139,14
4,22,189,980,16
2,36,143,643,25
1,3,185,749,20
1,33,96,920,14
2,47,197,87,18
5,31,200,640,22
5,28,173,183,12
3,30,103,703,19
3,12,226,838,13
4,27,171,777,24
2,56,154,758,19
2,13,105,87,9
5,21,189,610,12
4,16,101,504,13
1,29,208,530,13
2,42,237,842,25
5,30,248,583,25
5,31,191,672,16
1,32,177,14,10
4,53,163,557,11
1,35,244,423,13
5,27,112,254,17
1,11,188,305,13
1,20,243,625,14
3,9,160,855,16
5,60,139,277,10
5,42,151,2,10
5,39,146,557,10
4,46,134,376,20
3,39,131,500,20
1,9,112,241,17
4,13,210,829,13
1,8,220,250,16
4,58,208,639,18
4,20,96,697,24
5,43,232,396,11
1,33,124,410,19
1,7,156,416,10
1,16,187,911,23
3,51,110,174,15
1,45,200,459,14
1,58,237,888,15
1,42,247,654,12
2,36,116,945,14
3,5,140,769,20
1,59,200,221,11
5,17,111,621,10
1,9,172,397,12
4,20,119,503,18
3,25,102,35,15
2,18,223,265,12
5,44,215,904,17
5,60,222,166,25
5,54,176,729,18
1,13,184,224,14
5,54,151,46,21
4,58,153,363,15
2,45,183,236,17
3,60,181,755,14
4,42,102,143,25
1,51,229,770,22
2,26,118,98,19
3,36,245,71,14
3,43,101,487,15
4,43,105,718,13
5,21,196,728,10
2,31,139,191,19
3,48,175,226,14
5,3,99,74,22
1,30,91,115,23
4,19,141,147,20
3,5,100,297,20
1,4,141,520,12
2,23,102,621,19
5,4,243,981,14
1,17,136,131,17
5,29,141,169,15
1,57,160,648,23
2,39,154,116,17
2,5,109,741,13
2,25,102,127,24
5,29,196,525,12
3,14,91,271,15
3,38,181,181,12
5,19,200,599,19
4,28,194,708,22
3,53,119,594,13
2,40,196,715,23
3,17,199,950,18
3,17,164,118,10
4,10,144,506,12
3,31,197,145,24
4,47,130,934,24
4,17,186,762,24
4,10,244,53,15
1,4,159,559,13
2,8,248,209,23
2,37,214,907,17
4,37,120,771,25
5,33,135,200,16
5,4,211,903,9
3,23,226,45,20
2,19,141,71,20
3,46,124,33,13
2,40,166,931,25
4,4,223,218,19
2,49,197,350,13
4,54,193,764,20
2,3,196,216,16
4,5,243,455,15
4,3,226,127,20
3,28,99,283,23
3,53,234,853,14
4,31,180,91,19
3,48,168,885,13
3,43,206,635,16
5,35,217,101,19
2,11,214,959,11
3,34,129,162,23
5,26,150,772,9
5,38,111,571,12
2,53,115,510,10
2,60,227,630,10
4,42,243,736,18
2,55,140,956,17
3,53,213,951,13
3,30,206,861,22
2,26,134,429,19
5,20,184,786,20
1,38,169,614,21
2,27,100,478,20
3,22,158,75,13
5,47,93,684,17
2,2,122,480,9
2,37,153,288,20
4,26,189,829,10
2,58,147,799,16
4,41,120,273,16
5,52,213,230,16
4,18,118,536,24
3,51,172,395,12
1,39,185,96,13
3,41,221,19,9
4,20,183,698,20
4,51,235,687,18
2,58,172,800,10
4,52,103,567,16
4,8,186,702,21
2,32,237,876,17
4,28,243,725,14
4,29,136,868,12
4,20,107,767,20
1,43,131,904,20
1,29,98,635,9
3,38,157,70,23
5,40,250,203,10
2,21,120,384,20
2,25,96,364,14
2,14,136,855,13
4,10,129,864,24
4,51,129,975,16
3,5,203,728,23
1,31,243,574,21
5,45,124,984,17
3,33,148,968,16
4,2,222,189,25
2,57,122,365,25
4,34,223,947,18
2,37,199,205,16
5,34,122,802,23
2,39,209,828,17
2,4,105,147,18
1,15,225,50,16
3,8,224,779,18
5,19,246,699,20
2,20,208,717,22
2,12,163,362,20
5,43,103,151,15
5,24,159,47,23
1,41,122,845,19
3,35,237,820,13
5,16,95,274,14
3,40,128,730,13
2,53,108,463,25
2,35,104,239,15
2,34,126,843,19
5,36,152,131,16
3,17,190,805,19
2,2,217,519,25
4,5,193,957,15
5,6,195,452,10
4,46,223,502,24
3,45,172,925,17
2,50,250,788,20
5,13,193,919,14
3,45,159,902,19
4,1,142,270,12
2,22,194,865,18
3,4,222,77,24
2,10,183,686,16
4,37,238,751,22
2,44,182,965,11
3,37,102,27,17
1,21,102,907,22
4,25,240,729,17
5,36,113,633,16
2,26,188,662,17
1,52,200,92,25
3,33,119,950,19
5,49,98,402,14
3,24,234,124,24
2,27,250,412,23
5,49,171,47,22
4,19,199,309,25
5,23,182,105,9
5,17,250,529,12
3,24,190,851,11
5,27,92,807,19
3,39,197,329,25
3,4,210,579,18
3,58,142,949,9
5,55,105,293,18
3,32,176,36,14
5,6,101,60,20
3,25,194,358,18
5,56,180,295,11
3,2,144,564,23
1,32,140,779,14
5,11,188,553,12
2,25,98,885,25
3,2,161,59,10
3,44,116,429,16
4,31,230,92,14
2,43,187,960,18
1,17,225,866,15
4,5,94,553,18
2,17,115,653,25
3,44,240,381,11
5,47,205,141,22
4,7,142,319,15
1,34,218,721,13
5,58,241,223,19
4,1,160,736,14
3,7,174,562,24
3,22,197,819,14
5,36,120,332,18
1,27,225,139,24
4,8,217,823,11
5,56,183,88,19
4,35,102,942,16
1,14,191,781,12
1,32,171,790,18
3,11,144,951,13
2,42,110,678,22
4,3,157,822,21
4,42,152,201,10
5,36,171,548,13
4,37,118,214,9
1,8,226,67,21
5,57,191,668,13
3,58,128,365,22
2,43,199,976,9
1,17,136,296,21
5,9,110,469,9
2,43,153,471,25
4,52,228,37,13
1,36,131,99,15
1,17,202,617,16
5,28,246,614,22
3,39,173,206,20
5,26,111,866,13
2,9,134,934,19
5,60,102,767,14
3,15,192,703,17
2,10,101,624,23
3,7,207,144,21
4,29,138,690,21
4,49,119,894,21
5,24,176,156,15
1,41,193,756,18
5,21,217,677,13
4,58,95,991,12
4,38,169,885,11
1,47,134,351,12
3,32,213,354,25
3,31,98,175,11
3,8,146,187,16
4,41,178,501,21
4,51,220,82,14
4,42,162,665,16
2,35,129,269,15
5,34,127,817,16
5,50,151,140,9
1,23,229,791,22
4,27,141,969,20
3,48,213,651,16
4,10,238,675,16
2,27,113,246,25
2,37,201,345,21
4,31,183,274,17
3,51,218,32,23
2,32,249,878,19
5,26,107,535,24
1,40,172,883,14
4,3,110,492,22
3,52,99,544,20
4,50,241,581,25
5,35,180,573,9
5,22,240,483,21
3,49,248,141,11
4,41,200,375,18
2,8,137,517,21
3,3,244,540,14
5,10,244,232,23
2,23,115,523,15
2,2,212,497,23
4,19,108,702,19
5,26,194,563,14
2,56,111,372,9
1,17,170,855,13
5,12,190,350,11
4,22,179,981,16
4,16,245,684,22
3,37,250,423,12
4,49,191,73,22
3,28,204,502,23
2,3,239,546,12
1,58,155,433,24
2,50,216,284,20
5,33,224,761,10
5,37,106,122,13
4,47,108,63,9
3,39,241,935,11
2,54,183,135,15
1,52,181,476,9
2,19,157,214,9
3,28,202,394,20
2,20,167,483,13
1,50,228,130,17
3,16,115,90,18
1,42,175,402,11
3,12,182,419,11
2,36,173,912,21
1,30,107,147,9
3,1,185,36,22
1,44,189,388,15
3,8,228,620,20
2,19,208,887,13
4,1,133,264,12
2,35,245,154,22
4,59,200,504,15
1,1,242,374,19
5,7,132,420,20
3,10,212,707,10
4,7,117,831,21
1,56,190,483,18
3,47,109,842,12
4,37,140,629,18
5,2,208,26,11
5,56,163,183,24
1,21,110,988,25
3,17,211,716,9
4,13,158,602,9
4,39,124,397,19
5,52,231,215,12
2,11,231,703,15
5,31,217,781,15
2,54,207,176,15
5,9,180,915,12
5,57,132,973,19
3,19,119,602,22
1,36,191,756,19
5,56,141,913,11
5,55,179,555,14
1,44,181,921,16
3,1,113,409,12
2,50,246,505,23
4,58,147,277,19
4,31,175,175,24
4,47,232,708,22
2,60,232,908,22
4,10,176,266,11
3,29,163,425,12
5,36,226,123,16
2,49,210,145,18
4,54,116,242,18
4,24,250,148,11
4,43,126,274,12
1,42,244,187,9
1,59,141,619,17
5,12,250,579,17
2,27,199,823,25
2,55,105,760,17
2,45,200,252,9
4,34,96,939,24
2,10,115,809,23
2,55,218,581,10
4,59,130,834,18
4,30,111,357,13
3,57,101,419,20
1,22,107,450,21
3,59,176,882,16
5,46,171,917,11
2,34,234,295,14
5,5,121,791,24
4,2,171,190,15
1,14,182,95,11
3,35,154,102,20
2,19,250,765,9
3,29,238,124,19
1,58,145,257,16
3,50,91,89,15
3,8,199,542,19
1,50,117,649,9
3,6,109,27,21
2,15,98,276,12
4,26,134,922,21
5,2,250,52,23
5,44,232,255,20
2,18,173,623,23
4,48,114,963,22
4,1,118,305,15
5,2,195,268,21
5,6,192,604,25
3,56,139,510,17
2,12,146,644,22
5,29,237,262,10
4,5,248,978,16
5,32,211,493,22
5,24,133,385,21
1,23,140,84,15
3,54,92,60,21
5,12,250,403,21
5,29,184,859,12
5,3,103,425,18
4,30,102,488,12
5,7,143,290,13
5,5,137,317,18
1,52,98,203,22
4,13,195,194,20
4,19,175,405,24
1,46,218,673,15
3,25,206,499,10
4,41,141,170,24
3,12,138,860,21
1,50,95,739,13
5,56,247,173,10
2,5,248,258,9
5,4,142,540,15
5,49,132,81,21
3,25,99,352,25
2,18,200,48,9
2,52,110,612,16
3,4,145,51,9
2,5,176,280,19
3,44,108,309,19
4,22,170,398,17
5,33,215,922,25
4,17,224,772,16
3,45,222,915,23
2,9,105,446,17
1,47,241,390,21
1,14,218,338,18
1,12,247,502,12
1,24,103,324,15
3,43,229,100,23
2,40,214,936,22
5,3,240,637,18
4,19,237,221,13
2,33,210,216,9
1,24,132,126,18
4,48,234,223,12
3,31,181,37,9
2,4,131,324,14
4,40,249,287,21
3,44,178,987,9
5,58,110,463,21
3,16,95,584,24
3,47,127,698,24
3,11,120,499,12
2,40,118,158,23
5,17,132,73,16
4,47,148,246,21
5,20,99,723,15
5,58,192,19,9
1,28,142,49,11
3,51,146,671,18
5,52,196,401,16
1,45,174,190,24
3,49,115,745,13
5,1,174,555,12
1,3,143,613,17
1,54,172,129,10
4,10,241,329,24
3,11,247,789,14
1,33,245,319,13
5,28,217,541,12
3,33,198,89,20
4,55,119,908,24
2,40,130,601,16
3,34,249,580,22
1,51,131,944,10
1,8,196,844,15
3,3,154,263,23
1,38,120,171,17
1,30,150,606,21
4,8,183,293,9
5,9,156,747,10
5,47,94,965,10
2,3,142,863,12
5,57,247,78,19
4,18,98,76,12
5,13,157,814,25
1,54,237,402,9
3,15,95,406,15
5,5,222,338,14
1,17,192,164,11
4,23,200,482,17
1,27,134,628,22
2,47,169,285,25
4,14,193,369,17
2,50,106,860,24
3,52,127,934,13
1,16,195,295,14
1,10,182,799,25
4,58,212,571,13
3,8,125,562,19
5,47,157,461,11
5,14,113,607,20
4,49,180,120,19
5,16,242,487,24
3,30,240,22,22
4,4,134,589,24
4,33,211,851,17
4,37,131,601,17
3,41,94,4,23
2,40,158,507,10
2,20,176,785,9
5,36,146,163,12
1,33,212,1,13
2,34,97,41,24
2,27,230,816,23
4,44,224,915,17
2,47,137,518,22
5,17,214,517,16
4,45,153,492,24
2,19,242,199,21
2,43,246,897,16
3,4,221,415,16
1,5,177,25,15
5,33,112,535,20
3,31,123,897,20
3,24,203,563,13
3,49,108,832,21
3,35,228,640,20
2,45,95,477,14
3,41,188,70,17
3,26,108,467,22
5,48,194,858,12
2,25,175,4,12
1,25,218,803,21
1,35,228,892,9
1,58,134,979,13
4,56,248,639,20
5,54,104,896,21
5,22,101,865,18
1,28,240,72,16
5,36,143,13,20
5,5,95,158,11
3,34,159,873,18
3,38,237,886,16
3,44,228,285,11
5,25,91,497,10
5,60,196,96,23
3,27,109,61,23
4,38,207,677,10
2,40,130,849,12
5,39,115,902,12
3,38,166,188,10
5,3,197,870,16
2,10,218,789,21
5,4,140,966,24
4,18,105,838,15
4,33,217,978,14
2,30,174,231,10
2,29,153,325,19
2,49,198,740,9
5,53,111,128,16
2,30,162,999,17
1,14,239,970,9
3,11,244,983,17
1,55,192,685,14
2,41,124,928,11
4,12,193,830,24
4,23,204,125,25
5,17,230,22,15
3,14,204,414,14
5,15,190,741,20
3,17,188,861,24
4,38,227,312,22
3,40,105,430,22
2,45,169,357,25
3,55,126,479,22
3,2,163,787,21
1,30,108,401,24
2,54,173,365,16
2,58,133,936,21
2,36,113,288,22
4,16,224,603,12
5,4,177,733,18
1,6,108,39,16
1,59,216,531,15
2,3,161,466,15
1,55,216,4,25
1,60,101,590,13
2,45,157,346,24
5,6,187,434,13
4,25,155,993,24
2,3,132,797,13
5,46,246,845,18
4,20,135,863,13
2,41,129,272,16
1,46,189,362,15
5,33,116,772,12
5,39,130,712,23
5,27,226,312,14
2,55,248,768,20
2,16,185,257,11
1,56,176,907,9
4,49,196,691,20
1,25,98,349,12
4,25,195,132,22
3,38,175,760,13
3,12,216,482,10
1,5,172,96,16
4,32,113,469,23
3,2,138,405,24
3,23,250,957,23
2,18,145,666,10
4,34,194,456,22
4,6,135,975,11
5,49,130,851,13
5,24,220,544,18
1,3,144,164,22
5,52,137,342,23
5,37,104,61,15
3,58,201,302,9
3,33,138,818,12
3,11,152,9,9
1,37,145,757,15
2,22,183,529,21
2,17,117,22,20
1,4,151,368,18
5,42,168,884,21
2,28,250,323,18
1,52,202,529,18
2,59,240,642,24
4,14,118,869,13
4,52,139,307,21
4,44,250,349,11
1,33,161,72,15
1,2,130,588,22
4,28,100,347,22
2,10,112,447,25
5,57,230,796,13
3,15,126,446,9
3,56,200,599,23
1,56,221,217,21
3,9,129,251,20
1,10,219,800,15
2,7,100,131,20
5,20,134,433,18
2,3,98,427,19
4,34,116,713,23
4,34,241,729,15
5,55,151,998,23
3,13,157,235,25
5,56,105,321,12
2,39,134,377,23
1,27,231,135,9
2,38,161,815,11
2,7,168,657,10
3,20,166,473,18
4,50,113,624,14
4,56,166,71,13
2,33,217,207,9
5,55,159,66,15
2,59,137,842,18
4,41,125,994,19
4,14,94,39,11
2,59,121,133,12
2,25,159,809,12
1,29,121,850,24
4,43,164,80,13
1,47,242,76,21
4,33,241,10,16
3,7,249,187,15
1,28,152,597,9
4,24,136,174,20
5,39,185,357,10
1,45,110,486,20
3,37,222,31,12
2,17,180,948,9
2,32,162,995,20
3,8,139,248,10
4,41,162,284,16
5,7,140,383,16
1,54,217,2,24
1,44,181,849,15
2,60,186,91,23
1,52,188,941,17
5,4,235,328,16
2,24,91,289,24
3,16,187,534,16
2,40,103,297,25
5,48,230,896,19
4,56,163,521,12
5,42,221,900,25
3,37,201,424,22
4,26,107,530,19
2,12,101,756,25
2,41,147,673,19
1,58,191,320,15
5,35,198,282,16
2,35,129,262,10
4,20,123,621,16
2,47,144,804,25
4,54,146,548,12
1,22,226,313,12
1,37,249,819,20
2,5,95,416,15
2,27,121,85,11
2,7,143,23,19
2,14,209,700,11
4,51,173,861,24
4,58,110,220,10
3,57,237,153,21
2,1,188,527,12
4,16,201,501,19
5,43,200,445,9
3,18,193,76,10
5,11,167,932,18
5,2,167,893,11
1,52,163,832,24
5,38,169,783,24
4,24,214,445,17
4,4,166,180,9
1,34,184,131,9
3,39,136,357,22
1,52,228,815,17
1,33,98,496,18
1,54,244,488,24
5,40,236,314,11
3,53,186,507,19
1,6,234,526,13
3,50,193,483,10
4,20,116,283,25
5,57,147,707,16
2,53,102,314,17
5,3,117,117,10
4,46,156,78,22
4,49,171,656,9
5,35,230,196,11
3,59,215,440,23
3,56,233,743,17
3,52,245,296,9
2,11,205,10,25
3,31,240,568,21
5,30,142,647,11
2,36,153,98,9
4,5,196,172,20
1,58,216,492,22
5,53,177,818,24
5,32,196,903,11
4,56,161,914,18
2,56,186,753,11
5,45,132,568,23
2,12,124,107,23
2,9,126,708,16
4,9,138,347,22
1,44,109,775,15
3,6,109,256,20
2,43,181,695,21
2,25,176,677,12
5,34,220,69,22
3,34,250,982,10
2,58,189,321,13
2,39,228,949,17
5,16,127,366,17
4,12,143,69,10
5,33,176,26,19
5,12,114,303,25
5,21,241,244,21
5,15,234,899,18
2,29,164,451,21
4,36,162,997,12
2,9,165,208,15
1,56,213,728,10
1,4,173,173,20
2,22,223,934,14
1,10,211,967,25
4,46,201,360,10
1,32,92,822,13
4,45,191,238,21
3,15,184,902,17
5,23,223,217,17
5,36,166,81,15
2,38,175,986,17
1,23,116,7,9
5,20,174,543,13
4,51,244,687,10
1,55,135,548,24
4,40,214,344,16
2,50,154,758,20
3,22,110,52,16
5,49,111,428,18
3,10,108,770,20
3,45,144,808,23
3,8,148,661,23
5,34,166,87,17
5,45,95,614,15
3,46,154,316,11
1,3,162,384,21
1,24,185,589,9
3,12,244,478,18
2,20,146,549,12
5,24,145,137,14
1,48,103,900,12
1,59,185,373,23
4,36,177,115,18
2,43,99,999,11
1,9,146,244,20
1,35,143,417,10
5,50,248,915,23
3,39,176,393,11
1,53,92,538,13
5,11,221,591,16
3,15,95,218,17
3,6,157,420,19
1,32,246,70,12
5,51,129,749,21
3,2,191,326,9
3,11,127,395,11
1,9,116,968,16
5,48,103,340,13
4,14,205,591,17
1,19,218,761,24
3,45,176,595,20
1,35,101,774,11
1,37,169,650,22
1,8,183,232,23
5,22,100,352,9
1,19,190,230,15
1,27,114,572,14
5,8,150,420,19
1,7,99,624,13
5,5,131,702,9
2,57,225,762,24
3,17,145,430,11
5,53,220,704,10
4,13,107,375,13
3,3,155,224,13
5,34,134,732,14
2,2,220,680,18
1,43,145,971,24
5,30,102,164,15
4,45,213,181,15
5,38,224,344,18
4,23,110,981,15
3,54,222,10,10
2,47,103,587,13
2,46,227,881,12
1,52,148,664,16
4,45,191,76,12
2,5,155,77,14
5,41,201,939,16
4,59,228,69,13
4,58,206,737,11
2,15,196,866,25
2,45,158,978,17
2,15,131,189,24
5,35,166,97,23
3,19,170,141,15
5,15,214,674,25
5,54,124,17,21
3,46,187,575,10
4,57,112,179,20
5,2,161,151,21
4,30,103,966,22
2,40,133,117,20
5,56,170,955,9
4,19,126,258,18
2,9,147,440,17
3,58,236,549,23
1,1,93,14,14
5,13,132,470,21
2,39,124,544,13
3,3,151,52,22
1,8,162,81,13
5,44,228,235,17
3,37,143,906,16
4,18,249,486,23
1,28,99,866,16
4,59,170,576,24
2,59,129,715,24
3,51,207,735,17
4,16,130,553,9
2,39,117,417,15
1,23,209,420,17
1,5,92,699,15
3,34,123,132,16
5,15,190,1000,13
5,30,162,948,25
1,13,114,519,13
5,38,97,285,14
1,16,198,182,14
3,47,243,2,13
4,35,137,626,24
4,52,162,713,16
4,49,168,965,14
3,1,159,569,15
3,5,182,857,23
2,17,215,309,9
1,49,204,999,21
3,16,220,671,18
5,9,166,583,22
1,15,249,675,24
1,58,222,556,13
2,20,162,102,18
3,30,153,819,15
1,29,196,397,15
3,4,209,420,14
5,49,192,762,22
5,47,213,699,19
5,7,161,151,20
3,50,146,239,23
4,43,171,370,21
3,6,209,536,11
1,56,179,727,12
1,44,182,616,21
3,58,221,764,16
2,53,185,628,16
3,46,118,276,17
1,53,232,896,23
5,22,227,996,18
3,42,97,428,22
4,54,145,587,10
3,59,199,490,13
5,12,192,107,15
3,59,189,595,11
2,44,230,914,12
4,43,195,26,18
1,52,118,244,12
2,10,161,6,22
4,27,191,114,21
3,9,169,359,23
4,22,192,343,14
2,57,216,748,10
4,37,236,144,20
5,52,163,955,13
2,24,224,647,17
1,35,149,335,22
4,37,167,558,16
3,44,148,840,22
2,49,116,579,18
3,14,127,778,16
2,6,207,474,15
2,11,205,522,10
5,3,216,859,11
5,53,167,470,18
2,28,232,647,20
3,42,126,125,12
4,38,103,569,19
2,39,181,132,11
3,1,180,47,24
5,3,134,756,15
2,10,157,377,9
1,57,116,683,23
4,50,201,432,20
5,13,93,603,22
2,26,164,833,10
4,19,164,234,9
2,47,119,178,23
3,43,185,337,24
4,16,194,67,18
3,59,218,77,23
3,51,135,228,17
1,26,196,349,18
2,35,243,280,20
3,6,96,603,25
5,42,176,55,10
2,3,141,960,18
2,35,165,527,10
5,26,136,600,22
5,43,205,417,23
4,59,182,363,20
4,40,141,995,12
4,9,248,775,16
2,27,209,969,17
4,7,171,257,17
1,9,197,980,18
1,55,155,53,15
3,15,122,358,10
2,54,216,4,23
3,2,103,241,24
4,60,174,479,15
5,47,197,951,22
4,44,173,147,21
1,24,226,365,25
5,32,236,214,11
1,56,198,331,11
3,43,172,445,14
5,30,243,836,14
4,30,122,870,23
4,52,129,385,21
4,23,228,517,23
3,11,230,178,19
3,15,104,989,22
3,35,174,620,10
5,30,137,801,22
1,38,110,374,9
2,39,187,359,20
1,33,121,382,20
4,39,190,932,11
5,20,205,769,11
1,14,120,59,19
2,34,143,640,14
2,36,174,534,15
5,35,249,961,22
4,45,93,185,15
5,50,163,33,19
4,27,144,133,9
1,40,245,737,17
5,23,205,925,18
1,36,114,997,11
1,29,204,816,14
5,21,221,831,25
3,32,104,558,23
3,48,164,32,25
5,10,160,827,14
1,14,159,331,16
1,42,217,363,12
4,46,180,207,21
1,19,245,530,20
2,38,108,854,20
1,3,205,563,19
5,60,109,758,10
3,35,104,425,12
4,14,242,442,15
1,28,212,801,17
4,50,229,809,19
1,6,100,869,15
5,34,226,667,21
3,58,179,114,18
1,40,191,236,22
4,54,104,765,10
2,22,101,643,17
3,8,234,841,11
4,9,195,861,18
5,12,239,810,9
3,7,198,949,9
1,19,155,416,12
4,3,149,163,10
5,50,164,773,24
3,2,149,547,17
2,5,178,113,14
4,57,168,943,10
3,39,245,891,12
3,45,205,991,15
2,28,160,976,10
1,25,172,112,22
3,57,219,555,17
5,32,93,114,19
2,37,127,393,15
3,21,141,383,13
3,11,195,714,10
3,2,93,466,22
3,30,238,934,13
1,17,158,901,14
3,43,118,476,18
1,56,195,887,9
3,37,131,295,19
2,39,229,919,21
3,9,174,509,15
5,11,192,869,20
3,23,184,967,11
4,34,99,520,18
4,22,236,718,25
2,25,193,630,25
2,57,247,340,25
3,8,160,588,10
4,7,200,392,15
4,56,245,279,22
1,31,173,735,24
1,45,112,55,17
1,56,134,806,11
5,2,127,241,24
4,27,97,64,13
2,10,221,5,9
5,56,236,545,17
4,17,163,982,12
2,28,181,508,9
1,14,181,174,21
4,20,139,268,11
2,24,235,22,14
2,7,228,675,17
2,22,239,460,20
1,51,103,924,12
5,33,116,471,23
5,38,130,187,16
5,15,204,204,22
2,31,115,429,10
4,12,112,901,17
3,55,126,9,12
1,7,237,387,9
1,39,219,860,15
2,3,175,440,16
2,19,244,175,14
3,8,222,519,12
5,38,108,616,25
3,27,202,945,18
3,27,192,470,18
5,37,207,50,13
3,57,193,791,10
3,20,151,395,23
2,6,234,392,21
3,42,141,454,22
2,31,150,715,25
3,57,135,580,25
3,58,164,115,23
1,28,124,131,23
1,19,92,36,20
4,33,132,873,9
3,35,135,10,16
4,35,91,379,24
2,32,216,883,16
1,10,101,884,24
1,32,114,3,14
1,13,152,945,16
4,11,119,675,17
5,16,218,937,19
1,16,144,383,12
2,15,100,790,19
4,8,153,331,14
1,59,139,199,18
3,45,233,764,18
5,5,92,199,25
1,34,97,824,13
3,2,227,199,12
5,14,235,78,15
4,45,155,987,17
1,10,199,482,11
5,28,117,238,14
1,51,130,618,10
2,14,184,311,16
1,21,160,631,11
1,48,221,748,9
3,18,113,649,22
2,5,207,344,15
4,51,133,844,17
2,9,146,313,14
4,56,235,795,13
2,20,198,352,13
3,40,187,809,16
5,39,121,48,23
5,57,231,887,10
1,24,114,6,22
1,58,201,911,19
2,47,188,954,12
5,54,147,951,11
5,18,187,519,14
4,60,243,325,22
1,60,154,771,20
2,41,205,685,18
5,52,96,70,17
5,13,123,188,17
4,44,221,86,17
5,9,211,637,11
3,43,157,205,22
5,48,208,927,9
2,32,115,182,16
1,9,123,229,24
3,46,225,785,23
1,2,128,503,22
5,33,215,907,10
1,60,121,484,19
3,6,199,918,25
4,20,185,240,17
2,13,108,320,12
3,3,187,516,10
5,5,141,214,14
4,52,177,103,19
4,24,174,91,21
2,43,172,303,21
5,42,141,723,21
5,50,234,130,13
4,26,236,5,13
4,9,212,478,9
4,42,141,617,15
3,58,228,263,23
1,48,246,818,17
3,54,183,355,17
3,60,208,694,17
1,10,227,29,17
5,40,165,800,19
4,17,154,520,21
5,41,238,112,13
4,7,241,447,16
3,27,94,282,10
2,52,105,304,23
2,22,143,520,23
5,18,198,846,9
5,51,166,538,18
5,25,247,111,18
1,20,182,593,18
4,45,100,78,23
5,32,240,790,25
2,6,128,461,20
4,23,153,808,19
5,49,103,563,11
4,47,185,251,24
2,39,194,242,18
4,51,164,120,13
2,43,224,750,19
1,50,190,10,25
3,44,225,341,23
3,44,135,369,21
3,50,227,482,16
4,59,208,886,15
1,51,204,540,16
1,10,231,434,11
5,48,117,484,9
5,51,156,526,18
3,13,169,72,23
2,33,235,905,17
2,25,225,279,13
3,23,92,341,16
3,36,149,872,23
1,16,183,537,19
4,12,241,288,20
4,38,152,324,21
5,28,210,747,25
3,43,239,272,25
4,37,150,142,22
5,36,115,157,14
5,47,141,39,21
1,16,213,94,25
2,32,201,971,18
4,23,182,862,9
3,15,113,251,20
4,26,134,430,16
5,50,183,612,19
5,43,100,658,21
2,23,117,486,21
4,23,211,518,9
2,7,142,601,16
3,24,205,561,13
1,24,186,98,16
5,22,102,47,15
5,41,132,776,11
3,28,244,712,24
3,47,93,285,25
3,47,134,626,9
2,32,111,532,17
4,29,149,237,17
2,11,224,790,23
1,37,135,361,11
1,18,190,236,23
1,9,225,668,19
4,40,190,136,18
1,10,148,986,11
4,7,165,894,16
3,51,189,271,15
3,12,192,4,16
5,41,228,128,21
4,13,220,773,22
1,48,204,910,17
3,45,167,820,12
1,43,131,996,21
3,13,121,275,16
5,6,151,841,9
4,44,94,431,14
1,5,173,365,23
3,52,241,504,17
5,11,198,563,15
3,21,102,401,24
1,18,145,524,10
3,59,239,921,18
5,3,128,109,14
4,18,220,856,23
1,45,159,248,14
3,53,98,118,18
4,39,144,140,24
5,23,124,67,23
4,31,115,10,14
1,47,131,255,16
3,57,177,158,22
5,37,233,648,10
1,23,196,826,19
2,54,236,860,25
4,14,93,132,18
1,16,210,89,22
4,26,186,135,21
1,48,216,349,10
5,2,99,925,25
5,49,123,464,21
5,37,197,136,24
4,16,216,637,13
5,19,166,484,16
3,24,156,927,20
3,57,100,228,23
5,24,231,916,12
3,6,199,920,19
4,52,107,751,22
2,51,116,648,23
2,6,225,597,25
2,21,224,687,21
4,17,125,980,11
5,19,211,405,23
5,35,134,856,21
3,13,123,320,14
4,5,148,805,11
2,16,151,155,22
2,58,197,907,24
5,58,149,73,9
4,21,213,780,10
3,1,179,590,13
4,21,108,581,12
2,36,111,106,25
5,34,143,830,18
5,25,115,81,17
1,16,140,37,19
2,17,194,514,21
3,41,112,971,20
5,29,163,697,13
4,36,153,27,9
1,28,176,179,21
5,3,135,206,14
3,23,195,4,9
5,56,132,263,18
4,17,146,495,14
2,22,200,695,15
3,5,248,900,25
2,5,172,991,15
3,26,133,84,16
4,13,218,71,16
2,46,175,550,14
4,39,189,811,16
5,44,164,85,19
5,22,161,888,15
1,31,152,186,16
5,18,208,708,19
4,7,107,476,22
5,43,128,50,19
1,23,190,393,12
4,29,223,937,9
3,37,146,265,19
5,18,249,418,11
1,30,195,591,19
3,22,128,883,12
5,37,166,961,20
4,4,101,81,18
1,41,91,864,22
4,49,99,593,20
2,50,156,68,22
1,32,246,137,11
4,21,99,197,18
5,28,141,545,20
5,22,171,511,20
2,9,95,870,17
3,10,152,88,9
3,53,241,606,24
3,51,206,928,14
5,48,103,968,12
1,48,107,10,16
5,60,205,553,21
5,36,190,141,12
1,8,175,629,10
3,36,188,647,12
2,11,220,709,17
2,29,140,928,25
4,51,132,507,24
5,42,98,182,25
5,36,249,25,25
3,56,210,493,11
3,26,238,839,25
2,52,112,100,22
1,26,110,101,13
1,14,212,885,15
5,7,147,337,10
5,57,204,371,22
3,55,202,227,23
4,49,218,230,10
4,22,219,203,23
2,35,198,95,13
2,45,145,587,23
1,30,186,341,13
5,57,103,33,9
5,13,172,107,18
3,47,109,137,20
4,7,207,665,21
3,54,104,568,10
5,41,112,908,11
1,14,239,887,24
1,55,206,531,15
1,4,235,732,20
5,30,119,22,11
1,7,180,720,15
4,47,250,813,25
5,5,165,728,10
2,51,170,162,18
1,41,121,968,25
5,40,233,125,21
1,31,222,955,24
4,28,224,668,12
4,26,105,677,19
5,42,199,20,16
1,4,201,558,22
4,13,111,785,10
3,19,234,513,15
4,34,138,727,13
4,43,139,947,17
4,14,145,742,25
3,5,203,202,23
2,40,239,937,19
1,48,138,265,16
5,55,191,349,22
3,27,158,418,9
4,34,132,153,20
3,17,161,99,13
5,22,193,207,23
5,42,221,894,19
3,42,130,345,12
4,16,101,703,14
2,59,162,552,25
3,60,205,157,20
3,35,241,284,23
3,58,209,670,19
3,15,201,723,23
5,51,195,826,17
5,32,157,643,11
5,49,116,140,11
1,55,98,882,11
4,36,162,855,12
3,52,176,365,14
3,3,179,863,13
2,8,94,326,13
4,33,176,746,24
5,51,219,893,14
3,29,163,512,11
2,3,239,89,18
1,45,194,269,20
3,46,214,98,22
1,12,133,802,15
2,54,183,725,24
5,25,166,492,23
2,19,224,660,25
2,39,122,164,23
3,28,191,200,17
1,39,243,850,11
1,11,228,769,17
4,44,141,798,15
1,37,175,407,14
2,55,123,777,22
4,49,192,526,10
2,23,149,525,16
5,58,121,517,16
2,18,106,90,19
1,13,165,52,22
4,44,103,56,19
2,3,155,840,17
4,13,151,706,23
2,23,134,887,21
5,17,240,811,15
3,31,143,927,18
4,56,238,563,19
1,32,135,69,13
5,8,222,918,24
1,31,95,648,24
2,11,119,109,25
4,53,158,828,10
5,45,127,426,24
5,35,186,205,19
1,47,154,823,15
5,36,202,641,12
2,28,211,263,12
3,26,173,944,14
1,34,214,869,25
4,19,124,618,17
2,34,226,653,23
5,59,215,575,20
4,28,157,933,14
2,52,175,772,20
5,22,138,992,20
2,57,162,30,12
4,42,159,992,12
2,58,237,174,21
5,27,241,240,9
3,38,248,654,21
2,27,231,701,13
3,32,194,343,23
4,16,151,732,20
5,50,124,570,10
5,10,174,261,12
4,14,163,568,12
5,28,204,97,14
3,39,127,228,11
1,58,96,446,14
2,14,242,102,12
4,39,121,869,15
1,19,187,429,22
5,53,105,353,21
4,31,146,565,16
2,56,235,625,12
3,1,245,576,20
5,60,225,852,19
2,45,169,17,20
4,11,195,425,24
3,53,99,689,20
5,33,202,129,23
1,16,164,181,9
4,38,190,308,21
1,10,193,773,18
5,54,195,670,13
4,11,154,251,25
5,32,168,535,23
5,35,231,948,9
2,45,204,930,14
5,38,218,795,21
5,18,220,230,13
1,2,225,473,22
2,29,94,352,9
2,58,173,670,13
5,55,161,162,18
2,55,104,234,19
1,46,187,114,15
2,1,213,985,21
2,40,230,153,19
2,39,158,242,18
4,50,178,61,9
4,46,210,941,20
3,30,164,122,25
3,2,180,828,19
2,1,189,539,22
1,31,112,754,17
4,11,137,301,20
5,28,168,868,9
2,38,114,650,25
1,4,209,233,15
2,21,235,535,18
2,54,156,224,20
2,36,100,13,16
1,2,94,444,12
4,2,97,9,16
5,15,108,973,13
2,58,217,208,13
1,56,192,325,21
1,20,172,592,10
4,33,136,643,22
4,59,195,522,20
3,44,163,397,9
5,11,185,600,23
1,9,120,820,20
1,10,223,927,15
3,33,101,460,18
4,58,174,196,24
2,7,135,22,12
5,51,110,304,14
2,19,153,956,19
2,43,169,231,13
4,41,132,10,14
4,44,245,751,22
3,22,125,699,20
5,3,239,833,23
2,29,130,327,14
5,16,121,32,19
1,34,232,281,13
5,2,102,736,21
4,44,226,643,23
1,1,120,557,13
2,23,223,472,16
3,45,221,329,25
2,3,181,749,21
3,13,203,285,22
5,30,93,685,20
3,20,135,391,12
1,48,247,848,16
1,3,95,96,9
5,31,195,395,10
3,11,131,473,18
4,39,109,280,21
5,8,182,295,15
5,46,235,413,18
3,20,169,982,25
3,57,194,765,12
4,15,107,126,21
2,13,238,550,24
4,53,235,583,12
5,14,148,849,12
3,29,103,369,23
1,42,97,45,25
4,60,121,739,15
1,19,155,723,11
5,2,213,237,17
4,31,224,704,12
4,60,182,452,9
3,2,109,422,16
5,29,91,341,16
2,35,162,221,14
3,9,124,321,10
3,32,151,254,17
5,38,220,859,23
5,34,235,828,14
2,13,102,238,19
3,20,118,121,16
1,50,149,198,22
4,10,157,223,14
3,1,241,791,17
5,50,184,953,15
2,50,186,119,20
5,15,128,678,14
5,6,186,287,25
5,9,166,243,17
4,37,166,239,19
3,33,101,803,12
5,32,193,362,25
2,25,117,341,14
2,44,155,461,9
2,60,152,851,9
1,34,116,27,19
2,43,199,272,24
2,51,247,443,14
1,43,163,356,23
4,28,135,996,13
2,46,192,139,22
3,41,222,432,22
5,28,126,44,12
3,15,187,785,10
1,10,238,570,13
3,29,105,114,25
2,37,186,399,15
4,36,218,980,20
2,24,138,37,9
3,3,162,422,22
2,35,173,985,21
4,56,123,21,12
1,28,249,944,13
5,3,142,212,10
2,27,203,372,14
3,18,192,340,22
3,23,152,525,19
3,2,179,503,9
2,19,189,495,23
5,47,190,306,24
1,44,190,222,22
5,43,105,282,20
3,55,185,909,17
1,9,198,623,18
2,51,188,963,14
2,30,229,908,24
1,21,246,726,13
3,2,101,655,24
3,4,211,372,19
3,32,206,290,22
4,7,124,899,17
1,26,250,945,15
4,39,238,198,20
5,60,110,729,11
5,18,149,810,24
3,30,94,788,23
5,22,149,816,12
3,37,151,317,24
5,4,206,249,25
5,26,245,568,25
3,42,215,319,16
3,32,105,771,10
4,1,197,527,13
2,46,92,972,25
4,42,203,310,15
2,46,200,361,23
4,33,113,259,12
4,30,134,492,18
2,52,99,883,11
5,60,184,318,19
5,42,222,825,24
5,8,103,594,13
5,56,208,40,9
5,9,207,587,10
3,22,226,32,14
4,60,93,109,16
4,20,117,799,16
5,3,191,310,16
5,53,123,351,12
3,12,166,961,20
4,47,175,4,22
3,31,127,789,24
3,21,158,659,19
5,51,214,355,19
3,24,189,426,10
4,30,162,514,10
2,58,133,506,23
3,14,136,399,9
4,49,116,584,23
4,60,142,399,21
2,55,189,505,24
5,60,99,827,19
2,14,96,187,22
3,43,215,393,20
4,11,233,780,25
5,50,106,353,9
1,12,202,363,9
2,31,160,274,11
4,56,154,304,21
5,10,202,439,22
3,8,148,223,20
1,18,127,128,18
1,31,154,632,24
4,26,159,114,23
5,5,245,467,18
4,8,97,296,22
2,17,131,443,10
2,60,127,201,10
1,20,250,145,18
1,15,145,989,18
2,56,226,394,9
1,25,147,69,21
3,39,124,905,15
3,57,108,493,24
4,40,201,670,9
4,21,189,940,11
2,32,141,63,10
5,10,190,558,13
3,50,138,331,13
5,45,103,1000,24
5,54,236,969,12
2,40,201,364,24
3,43,230,856,23
4,30,239,106,14
4,38,207,274,11
4,46,197,814,24
5,31,217,735,21
4,6,222,484,14
4,60,127,528,22
5,7,123,866,12
1,12,198,717,17
4,34,162,947,18
2,31,108,803,20
3,33,140,267,20
4,13,226,239,15
2,11,182,255,20
4,40,220,678,13
3,56,163,947,15
2,26,129,284,16
5,50,196,904,22
3,56,208,444,11
5,5,229,495,11
4,2,138,541,16
3,14,188,675,25
1,59,118,595,17
2,59,231,742,25
2,34,146,256,19
5,53,135,817,12
1,40,204,466,15
3,41,115,819,21
3,31,138,536,13
2,8,204,938,18
2,30,134,590,24
2,30,245,942,13
2,19,242,650,11
1,47,176,918,15
5,26,103,915,15
3,14,201,821,20
2,28,180,378,18
4,57,107,229,21
4,12,198,473,14
3,51,218,903,10
1,60,220,115,20
1,55,165,430,9
1,17,226,885,15
1,16,209,338,22
3,2,135,86,23
1,47,235,211,13
2,16,117,747,14
1,47,204,637,21
2,38,233,87,11
1,53,119,513,14
5,19,133,96,14
2,6,132,261,24
4,39,147,551,12
1,16,171,348,10
4,42,92,146,22
2,39,111,122,18
5,1,160,137,9
5,4,247,837,21
3,4,119,900,13
2,52,99,243,24
5,51,189,329,17
2,51,212,75,15
3,10,238,375,16
4,2,110,606,10
2,48,107,350,17
2,21,207,528,23
1,23,213,805,14
5,54,148,940,11
4,51,207,956,15
1,47,181,228,17
5,34,132,937,10
2,1,106,660,25
3,33,241,437,9
1,5,231,69,9
4,11,126,563,9
3,59,102,527,13
4,38,212,234,22
5,34,125,79,9
4,59,223,128,16
2,55,205,74,17
3,46,175,24,9
4,30,203,566,19
5,49,240,59,21
3,46,112,201,19
4,31,124,180,10
2,60,147,467,18
4,12,212,443,16
1,37,107,665,22
3,3,169,696,24
2,47,163,339,23
5,51,181,796,9
4,12,132,481,19
5,50,161,556,24
5,34,101,235,15
