folio,fecha,fecha_status,importe,cliente_id,responsable_id,status_pedido_id
PD-06112-7317,2024-12-05 13:00:34,2024-12-05 13:00:34,0,725,136,1
PD-57872-7779,2024-12-06 05:22:58,2024-12-06 05:22:58,0,185,184,1
PD-12431-5175,2024-12-02 14:35:59,2024-12-02 14:35:59,0,774,229,1
PD-28544-1177,2024-12-06 00:28:28,2024-12-06 00:28:28,0,410,231,1
PD-57930-0766,2024-12-06 11:59:01,2024-12-06 11:59:01,0,131,224,1
PD-80868-8735,2024-12-06 20:37:38,2024-12-06 20:37:38,0,734,142,1
PD-19333-3048,2024-12-03 12:50:30,2024-12-03 12:50:30,0,946,167,1
PD-04858-2968,2024-12-04 18:31:17,2024-12-04 18:31:17,0,258,213,1
PD-24265-9277,2024-12-03 12:51:23,2024-12-03 12:51:23,0,675,203,1
PD-93158-2241,2024-12-01 18:06:10,2024-12-01 18:06:10,0,544,190,1
PD-72108-7545,2024-12-02 17:10:38,2024-12-02 17:10:38,0,329,237,1
PD-74501-8187,2024-12-06 00:00:42,2024-12-06 00:00:42,0,968,120,1
PD-85632-6262,2024-12-05 12:37:14,2024-12-05 12:37:14,0,866,231,1
PD-86328-6701,2024-12-05 05:04:41,2024-12-05 05:04:41,0,834,177,1
PD-47739-1813,2024-12-06 04:11:31,2024-12-06 04:11:31,0,566,181,1
PD-27145-4703,2024-12-04 10:20:53,2024-12-04 10:20:53,0,658,144,1
PD-25051-1869,2024-12-02 20:25:44,2024-12-02 20:25:44,0,294,109,1
PD-38961-1927,2024-12-05 13:51:14,2024-12-05 13:51:14,0,384,129,1
PD-00388-2015,2024-12-04 16:41:04,2024-12-04 16:41:04,0,437,105,1
PD-18226-5897,2024-12-02 08:17:17,2024-12-02 08:17:17,0,175,224,1
PD-73990-8306,2024-12-04 20:00:08,2024-12-04 20:00:08,0,184,110,1
PD-20402-0943,2024-12-02 01:50:11,2024-12-02 01:50:11,0,645,106,1
PD-11721-3440,2024-12-02 12:15:07,2024-12-02 12:15:07,0,234,92,1
PD-85118-9796,2024-12-02 14:39:12,2024-12-02 14:39:12,0,768,245,1
PD-34768-6427,2024-12-02 10:41:11,2024-12-02 10:41:11,0,230,124,1
PD-37485-6850,2024-12-04 08:55:11,2024-12-04 08:55:11,0,772,170,1
PD-81528-9028,2024-12-03 00:44:49,2024-12-03 00:44:49,0,163,229,1
PD-36243-0274,2024-12-03 06:21:36,2024-12-03 06:21:36,0,285,209,1
PD-44898-2267,2024-12-06 08:21:15,2024-12-06 08:21:15,0,896,238,1
PD-32889-8575,2024-12-01 14:25:47,2024-12-01 14:25:47,0,83,192,1
PD-88216-7344,2024-12-04 01:07:05,2024-12-04 01:07:05,0,139,234,1
PD-13255-6341,2024-12-04 13:26:17,2024-12-04 13:26:17,0,43,249,1
PD-08564-6962,2024-12-04 19:34:18,2024-12-04 19:34:18,0,119,106,1
PD-45284-3293,2024-12-02 03:21:45,2024-12-02 03:21:45,0,531,218,1
PD-82935-9508,2024-12-04 04:20:53,2024-12-04 04:20:53,0,598,120,1
PD-28339-2899,2024-12-04 07:00:18,2024-12-04 07:00:18,0,475,94,1
PD-43965-0663,2024-12-06 10:45:22,2024-12-06 10:45:22,0,334,225,1
PD-62046-4728,2024-12-01 15:17:24,2024-12-01 15:17:24,0,464,138,1
PD-14465-8474,2024-12-06 05:32:32,2024-12-06 05:32:32,0,846,238,1
PD-50963-1003,2024-12-05 21:30:31,2024-12-05 21:30:31,0,250,143,1
PD-19861-6805,2024-12-05 08:44:47,2024-12-05 08:44:47,0,442,232,1
PD-39095-8166,2024-12-01 17:48:55,2024-12-01 17:48:55,0,63,178,1
PD-53164-9469,2024-12-04 15:59:38,2024-12-04 15:59:38,0,373,199,1
PD-66656-1498,2024-12-01 10:24:20,2024-12-01 10:24:20,0,844,112,1
PD-60160-0633,2024-12-06 11:52:37,2024-12-06 11:52:37,0,112,121,1
PD-31541-6040,2024-12-01 09:13:55,2024-12-01 09:13:55,0,376,127,1
PD-38801-6771,2024-12-03 01:11:20,2024-12-03 01:11:20,0,207,164,1
PD-44065-8458,2024-12-06 13:23:21,2024-12-06 13:23:21,0,476,246,1
PD-76087-3090,2024-12-04 11:55:52,2024-12-04 11:55:52,0,751,167,1
PD-81136-8230,2024-12-06 14:12:23,2024-12-06 14:12:23,0,130,190,1
PD-36298-5695,2024-12-03 09:00:12,2024-12-03 09:00:12,0,252,150,1
PD-56619-2627,2024-12-04 17:57:19,2024-12-04 17:57:19,0,685,155,1
PD-77711-9792,2024-12-06 00:38:12,2024-12-06 00:38:12,0,232,164,1
PD-19715-7610,2024-12-04 09:18:54,2024-12-04 09:18:54,0,601,213,1
PD-96801-2871,2024-12-02 23:06:43,2024-12-02 23:06:43,0,923,221,1
PD-81719-3470,2024-12-02 15:05:13,2024-12-02 15:05:13,0,378,210,1
PD-17276-9865,2024-12-05 05:02:15,2024-12-05 05:02:15,0,687,151,1
PD-34924-9433,2024-12-06 14:58:51,2024-12-06 14:58:51,0,639,150,1
PD-54993-2552,2024-12-06 14:56:20,2024-12-06 14:56:20,0,635,245,1
PD-72949-1122,2024-12-05 07:12:00,2024-12-05 07:12:00,0,285,174,1
PD-41422-6077,2024-12-02 06:17:23,2024-12-02 06:17:23,0,844,187,1
PD-45608-1804,2024-12-04 23:32:58,2024-12-04 23:32:58,0,506,119,1
PD-11103-6754,2024-12-05 17:44:34,2024-12-05 17:44:34,0,603,215,1
PD-25650-7216,2024-12-05 21:16:59,2024-12-05 21:16:59,0,32,115,1
PD-73594-1694,2024-12-05 18:54:23,2024-12-05 18:54:23,0,690,209,1
PD-03044-8218,2024-12-06 15:35:45,2024-12-06 15:35:45,0,951,107,1
PD-47357-9073,2024-12-02 17:49:59,2024-12-02 17:49:59,0,630,161,1
PD-66531-1556,2024-12-03 11:01:29,2024-12-03 11:01:29,0,822,175,1
PD-76921-0080,2024-12-01 18:38:23,2024-12-01 18:38:23,0,416,174,1
PD-50249-5326,2024-12-05 01:57:43,2024-12-05 01:57:43,0,505,108,1
PD-82464-1139,2024-12-04 16:21:16,2024-12-04 16:21:16,0,953,218,1
PD-34195-6648,2024-12-04 13:40:34,2024-12-04 13:40:34,0,306,149,1
PD-75882-5465,2024-12-05 19:08:40,2024-12-05 19:08:40,0,799,214,1
PD-69762-6035,2024-12-01 17:27:42,2024-12-01 17:27:42,0,993,181,1
PD-06997-5482,2024-12-03 10:59:13,2024-12-03 10:59:13,0,103,115,1
PD-37835-8520,2024-12-03 07:15:36,2024-12-03 07:15:36,0,781,218,1
PD-66596-6995,2024-12-04 12:27:27,2024-12-04 12:27:27,0,213,217,1
PD-23394-5545,2024-12-04 00:16:11,2024-12-04 00:16:11,0,264,141,1
PD-67009-3306,2024-12-06 13:59:07,2024-12-06 13:59:07,0,289,214,1
PD-73300-4023,2024-12-04 22:29:57,2024-12-04 22:29:57,0,891,236,1
PD-65572-2973,2024-12-04 16:41:48,2024-12-04 16:41:48,0,782,170,1
PD-05144-2472,2024-12-02 07:20:35,2024-12-02 07:20:35,0,662,240,1
PD-97034-4111,2024-12-02 08:16:04,2024-12-02 08:16:04,0,721,183,1
PD-75372-1970,2024-12-06 23:46:29,2024-12-06 23:46:29,0,500,112,1
PD-30652-8482,2024-12-01 00:24:17,2024-12-01 00:24:17,0,363,184,1
PD-08377-7606,2024-12-03 00:11:29,2024-12-03 00:11:29,0,968,148,1
PD-82301-6914,2024-12-06 13:01:49,2024-12-06 13:01:49,0,325,145,1
PD-19612-3721,2024-12-01 12:19:07,2024-12-01 12:19:07,0,599,184,1
PD-12693-9175,2024-12-04 10:41:10,2024-12-04 10:41:10,0,692,136,1
PD-58009-8485,2024-12-05 10:28:39,2024-12-05 10:28:39,0,426,236,1
PD-97894-3593,2024-12-02 11:21:54,2024-12-02 11:21:54,0,706,241,1
PD-49578-0437,2024-12-04 17:00:59,2024-12-04 17:00:59,0,108,117,1
PD-35146-3264,2024-12-03 21:16:32,2024-12-03 21:16:32,0,349,224,1
PD-52533-7595,2024-12-02 21:23:48,2024-12-02 21:23:48,0,408,236,1
PD-71383-4007,2024-12-05 07:17:14,2024-12-05 07:17:14,0,378,225,1
PD-00822-0251,2024-12-01 12:48:32,2024-12-01 12:48:32,0,708,140,1
PD-13934-5329,2024-12-01 18:57:33,2024-12-01 18:57:33,0,974,244,1
PD-60701-7074,2024-12-02 11:42:34,2024-12-02 11:42:34,0,681,176,1
PD-65021-4281,2024-12-01 15:31:27,2024-12-01 15:31:27,0,434,111,1
PD-57744-1099,2024-12-05 14:20:40,2024-12-05 14:20:40,0,469,175,1
PD-16772-5000,2024-12-02 08:01:57,2024-12-02 08:01:57,0,897,210,1
PD-18488-7558,2024-12-06 07:03:19,2024-12-06 07:03:19,0,765,131,1
PD-16069-8999,2024-12-02 03:26:14,2024-12-02 03:26:14,0,697,132,1
PD-91755-6862,2024-12-04 09:57:46,2024-12-04 09:57:46,0,982,111,1
PD-77908-7327,2024-12-03 01:22:00,2024-12-03 01:22:00,0,835,106,1
PD-29158-4774,2024-12-03 12:41:51,2024-12-03 12:41:51,0,897,181,1
PD-93785-1541,2024-12-04 04:23:42,2024-12-04 04:23:42,0,909,200,1
PD-64836-2558,2024-12-02 06:39:22,2024-12-02 06:39:22,0,893,107,1
PD-27807-5199,2024-12-05 14:02:53,2024-12-05 14:02:53,0,48,188,1
PD-60710-3931,2024-12-02 04:02:22,2024-12-02 04:02:22,0,504,177,1
PD-69954-3736,2024-12-04 22:02:11,2024-12-04 22:02:11,0,334,146,1
PD-00773-0318,2024-12-03 15:24:55,2024-12-03 15:24:55,0,720,160,1
PD-32147-9735,2024-12-06 07:26:44,2024-12-06 07:26:44,0,351,180,1
PD-40172-1086,2024-12-05 18:22:54,2024-12-05 18:22:54,0,96,112,1
PD-87697-1446,2024-12-02 11:05:02,2024-12-02 11:05:02,0,360,143,1
PD-77496-5132,2024-12-01 07:41:36,2024-12-01 07:41:36,0,861,145,1
PD-66776-6207,2024-12-02 20:31:04,2024-12-02 20:31:04,0,80,211,1
PD-44093-5552,2024-12-01 03:13:58,2024-12-01 03:13:58,0,543,172,1
PD-61046-0647,2024-12-04 20:50:40,2024-12-04 20:50:40,0,253,156,1
PD-12093-2143,2024-12-06 18:46:41,2024-12-06 18:46:41,0,407,114,1
PD-54699-0394,2024-12-02 04:11:36,2024-12-02 04:11:36,0,301,172,1
PD-79163-1370,2024-12-06 14:41:14,2024-12-06 14:41:14,0,198,243,1
PD-06040-4535,2024-12-03 21:20:01,2024-12-03 21:20:01,0,968,244,1
PD-62643-9963,2024-12-05 06:24:59,2024-12-05 06:24:59,0,1000,236,1
PD-63875-7974,2024-12-04 23:42:51,2024-12-04 23:42:51,0,159,184,1
PD-95884-6208,2024-12-05 10:13:16,2024-12-05 10:13:16,0,487,213,1
PD-44809-5357,2024-12-06 14:16:19,2024-12-06 14:16:19,0,249,193,1
PD-43005-4395,2024-12-05 02:43:31,2024-12-05 02:43:31,0,826,108,1
PD-62058-1890,2024-12-04 04:02:51,2024-12-04 04:02:51,0,115,145,1
PD-08438-1107,2024-12-06 02:17:59,2024-12-06 02:17:59,0,407,212,1
PD-99820-3838,2024-12-06 08:47:03,2024-12-06 08:47:03,0,757,165,1
PD-77006-5252,2024-12-06 14:40:48,2024-12-06 14:40:48,0,587,103,1
PD-93024-9677,2024-12-04 03:16:44,2024-12-04 03:16:44,0,246,117,1
PD-64311-3077,2024-12-03 02:01:19,2024-12-03 02:01:19,0,481,112,1
PD-19521-6509,2024-12-04 13:48:29,2024-12-04 13:48:29,0,977,230,1
PD-20165-7875,2024-12-05 18:21:43,2024-12-05 18:21:43,0,331,183,1
PD-16326-4191,2024-12-04 10:23:13,2024-12-04 10:23:13,0,448,113,1
PD-46853-4262,2024-12-06 01:28:42,2024-12-06 01:28:42,0,71,213,1
PD-77111-4312,2024-12-04 08:03:13,2024-12-04 08:03:13,0,440,171,1
PD-36402-3482,2024-12-06 15:10:28,2024-12-06 15:10:28,0,736,94,1
PD-64500-8088,2024-12-04 13:32:24,2024-12-04 13:32:24,0,89,170,1
PD-53540-1341,2024-12-04 07:05:19,2024-12-04 07:05:19,0,160,240,1
PD-48154-8713,2024-12-01 22:30:53,2024-12-01 22:30:53,0,117,228,1
PD-40613-3328,2024-12-05 20:00:31,2024-12-05 20:00:31,0,403,114,1
PD-75431-0198,2024-12-04 21:32:15,2024-12-04 21:32:15,0,724,116,1
PD-63427-8189,2024-12-05 19:39:54,2024-12-05 19:39:54,0,478,219,1
PD-56395-7879,2024-12-05 20:23:31,2024-12-05 20:23:31,0,326,161,1
PD-86135-4705,2024-12-03 17:52:46,2024-12-03 17:52:46,0,719,105,1
PD-83325-8939,2024-12-02 15:39:13,2024-12-02 15:39:13,0,397,95,1
PD-08619-3127,2024-12-02 02:10:08,2024-12-02 02:10:08,0,138,209,1
PD-55164-8367,2024-12-02 03:55:40,2024-12-02 03:55:40,0,917,97,1
PD-85950-5378,2024-12-01 04:27:09,2024-12-01 04:27:09,0,669,210,1
PD-34904-3656,2024-12-01 01:18:16,2024-12-01 01:18:16,0,64,164,1
PD-86787-0406,2024-12-06 01:18:07,2024-12-06 01:18:07,0,525,236,1
PD-58737-9779,2024-12-06 06:06:16,2024-12-06 06:06:16,0,758,100,1
PD-20287-2901,2024-12-05 23:20:55,2024-12-05 23:20:55,0,338,142,1
PD-28643-6783,2024-12-05 22:46:51,2024-12-05 22:46:51,0,104,232,1
PD-49073-0927,2024-12-03 13:02:47,2024-12-03 13:02:47,0,172,242,1
PD-11078-6623,2024-12-01 04:26:02,2024-12-01 04:26:02,0,383,101,1
PD-13677-5066,2024-12-01 22:19:51,2024-12-01 22:19:51,0,376,181,1
PD-39978-2103,2024-12-06 05:40:00,2024-12-06 05:40:00,0,745,162,1
PD-76412-0897,2024-12-03 01:37:42,2024-12-03 01:37:42,0,729,126,1
PD-92146-2382,2024-12-06 23:10:06,2024-12-06 23:10:06,0,947,112,1
PD-03563-2130,2024-12-05 08:35:44,2024-12-05 08:35:44,0,322,202,1
PD-82853-2509,2024-12-06 04:30:27,2024-12-06 04:30:27,0,590,168,1
PD-89120-3131,2024-12-03 13:50:37,2024-12-03 13:50:37,0,157,92,1
PD-93232-9507,2024-12-05 17:31:43,2024-12-05 17:31:43,0,914,209,1
PD-23579-2603,2024-12-04 23:52:33,2024-12-04 23:52:33,0,884,156,1
PD-24940-5925,2024-12-04 04:51:52,2024-12-04 04:51:52,0,906,197,1
PD-40363-2589,2024-12-01 06:07:40,2024-12-01 06:07:40,0,381,206,1
PD-59595-6060,2024-12-04 21:32:50,2024-12-04 21:32:50,0,916,125,1
PD-70466-9024,2024-12-04 18:35:49,2024-12-04 18:35:49,0,460,152,1
PD-55300-8156,2024-12-01 05:29:46,2024-12-01 05:29:46,0,430,249,1
PD-46758-5352,2024-12-01 21:11:23,2024-12-01 21:11:23,0,474,210,1
PD-42053-5598,2024-12-02 04:14:11,2024-12-02 04:14:11,0,368,174,1
PD-62286-9677,2024-12-01 22:40:45,2024-12-01 22:40:45,0,716,196,1
PD-13539-0347,2024-12-03 07:44:49,2024-12-03 07:44:49,0,22,225,1
PD-51659-6560,2024-12-04 09:04:20,2024-12-04 09:04:20,0,127,230,1
PD-36665-2200,2024-12-03 08:20:38,2024-12-03 08:20:38,0,15,249,1
PD-62532-1050,2024-12-02 01:34:59,2024-12-02 01:34:59,0,74,178,1
PD-09782-8854,2024-12-05 02:12:02,2024-12-05 02:12:02,0,540,147,1
PD-81021-5096,2024-12-01 09:59:18,2024-12-01 09:59:18,0,928,237,1
PD-97806-0563,2024-12-04 06:37:07,2024-12-04 06:37:07,0,589,219,1
PD-63779-1916,2024-12-06 18:25:46,2024-12-06 18:25:46,0,138,230,1
PD-35615-6170,2024-12-03 16:17:43,2024-12-03 16:17:43,0,692,243,1
PD-48775-8758,2024-12-01 12:00:01,2024-12-01 12:00:01,0,522,113,1
PD-65591-2104,2024-12-06 15:55:29,2024-12-06 15:55:29,0,921,126,1
PD-01704-7330,2024-12-02 05:14:59,2024-12-02 05:14:59,0,923,129,1
PD-55389-7949,2024-12-01 02:15:48,2024-12-01 02:15:48,0,883,133,1
PD-79216-3213,2024-12-04 04:21:33,2024-12-04 04:21:33,0,658,239,1
PD-24277-9961,2024-12-06 02:58:49,2024-12-06 02:58:49,0,772,157,1
PD-74780-9787,2024-12-03 20:37:21,2024-12-03 20:37:21,0,818,169,1
PD-21732-8878,2024-12-03 01:05:36,2024-12-03 01:05:36,0,203,190,1
PD-12166-3241,2024-12-03 10:03:17,2024-12-03 10:03:17,0,946,105,1
PD-34316-9738,2024-12-04 11:06:05,2024-12-04 11:06:05,0,338,222,1
PD-07289-8984,2024-12-06 03:37:29,2024-12-06 03:37:29,0,991,170,1
PD-15720-5835,2024-12-05 12:00:37,2024-12-05 12:00:37,0,894,185,1
PD-26581-3692,2024-12-05 17:17:00,2024-12-05 17:17:00,0,128,225,1
PD-63740-8449,2024-12-04 16:23:15,2024-12-04 16:23:15,0,964,167,1
PD-90472-1373,2024-12-01 19:35:30,2024-12-01 19:35:30,0,801,114,1
PD-93355-3193,2024-12-02 05:38:07,2024-12-02 05:38:07,0,581,137,1
PD-36059-9121,2024-12-05 12:06:29,2024-12-05 12:06:29,0,281,199,1
PD-57033-5987,2024-12-04 00:23:34,2024-12-04 00:23:34,0,431,225,1
PD-99497-0521,2024-12-04 06:00:34,2024-12-04 06:00:34,0,464,96,1
PD-53363-8746,2024-12-05 15:23:08,2024-12-05 15:23:08,0,817,185,1
PD-17954-9794,2024-12-01 04:29:49,2024-12-01 04:29:49,0,741,174,1
PD-45171-6978,2024-12-05 00:17:58,2024-12-05 00:17:58,0,824,216,1
PD-08746-0298,2024-12-02 17:46:47,2024-12-02 17:46:47,0,518,161,1
PD-83141-5054,2024-12-06 21:40:50,2024-12-06 21:40:50,0,2,162,1
PD-35463-8886,2024-12-02 13:40:23,2024-12-02 13:40:23,0,669,100,1
PD-08651-4907,2024-12-01 11:01:38,2024-12-01 11:01:38,0,562,241,1
PD-50952-9023,2024-12-06 02:14:44,2024-12-06 02:14:44,0,659,238,1
PD-13887-0046,2024-12-05 22:06:29,2024-12-05 22:06:29,0,207,141,1
PD-97816-2355,2024-12-06 11:59:20,2024-12-06 11:59:20,0,648,180,1
PD-71326-7408,2024-12-01 22:01:22,2024-12-01 22:01:22,0,543,120,1
PD-07591-5108,2024-12-01 02:57:15,2024-12-01 02:57:15,0,48,125,1
PD-03230-2457,2024-12-05 07:38:30,2024-12-05 07:38:30,0,672,196,1
PD-22866-2585,2024-12-05 13:32:49,2024-12-05 13:32:49,0,784,237,1
PD-28343-1728,2024-12-01 20:40:18,2024-12-01 20:40:18,0,78,161,1
PD-90334-3589,2024-12-03 14:13:53,2024-12-03 14:13:53,0,578,212,1
PD-98025-6714,2024-12-02 06:20:36,2024-12-02 06:20:36,0,585,243,1
PD-22745-6972,2024-12-06 21:03:26,2024-12-06 21:03:26,0,907,119,1
PD-89464-7183,2024-12-04 15:38:07,2024-12-04 15:38:07,0,933,133,1
PD-23696-0236,2024-12-03 09:25:09,2024-12-03 09:25:09,0,891,123,1
PD-75054-2471,2024-12-05 04:23:12,2024-12-05 04:23:12,0,293,245,1
PD-83876-2832,2024-12-05 22:12:36,2024-12-05 22:12:36,0,175,250,1
PD-66381-7305,2024-12-04 08:01:05,2024-12-04 08:01:05,0,302,176,1
PD-69669-9752,2024-12-04 22:23:52,2024-12-04 22:23:52,0,211,105,1
PD-67534-1886,2024-12-03 13:56:27,2024-12-03 13:56:27,0,505,220,1
PD-94710-8125,2024-12-06 15:05:15,2024-12-06 15:05:15,0,46,142,1
PD-03334-8659,2024-12-03 09:14:19,2024-12-03 09:14:19,0,744,169,1
PD-31370-3941,2024-12-05 10:18:37,2024-12-05 10:18:37,0,314,171,1
PD-61981-0772,2024-12-03 04:20:45,2024-12-03 04:20:45,0,240,139,1
PD-90468-4510,2024-12-04 07:02:35,2024-12-04 07:02:35,0,963,98,1
PD-98037-8637,2024-12-05 02:51:14,2024-12-05 02:51:14,0,587,112,1
PD-91699-8596,2024-12-01 08:13:05,2024-12-01 08:13:05,0,332,198,1
PD-38207-5441,2024-12-05 04:27:48,2024-12-05 04:27:48,0,480,205,1
PD-55938-8002,2024-12-04 09:17:29,2024-12-04 09:17:29,0,969,197,1
PD-39095-9207,2024-12-02 09:56:56,2024-12-02 09:56:56,0,763,104,1
PD-01935-3328,2024-12-06 03:21:53,2024-12-06 03:21:53,0,81,105,1
PD-84994-9760,2024-12-02 12:26:52,2024-12-02 12:26:52,0,335,220,1
PD-48544-5056,2024-12-03 11:40:17,2024-12-03 11:40:17,0,791,199,1
PD-42889-9367,2024-12-05 00:38:59,2024-12-05 00:38:59,0,816,205,1
PD-29852-0041,2024-12-01 22:02:39,2024-12-01 22:02:39,0,991,240,1
PD-11371-0287,2024-12-01 11:32:21,2024-12-01 11:32:21,0,240,232,1
PD-81158-2161,2024-12-03 04:58:32,2024-12-03 04:58:32,0,756,202,1
PD-01843-4975,2024-12-06 05:25:02,2024-12-06 05:25:02,0,289,162,1
PD-55719-5495,2024-12-06 00:33:22,2024-12-06 00:33:22,0,628,142,1
PD-20717-7091,2024-12-04 08:03:09,2024-12-04 08:03:09,0,487,198,1
PD-75190-9723,2024-12-04 00:03:12,2024-12-04 00:03:12,0,171,106,1
PD-74016-3101,2024-12-03 09:40:02,2024-12-03 09:40:02,0,643,206,1
PD-19742-4435,2024-12-05 07:32:38,2024-12-05 07:32:38,0,624,135,1
PD-34181-8699,2024-12-04 00:09:17,2024-12-04 00:09:17,0,795,240,1
PD-86145-6204,2024-12-04 13:36:47,2024-12-04 13:36:47,0,730,164,1
PD-49010-4331,2024-12-04 17:17:04,2024-12-04 17:17:04,0,428,196,1
PD-17349-5478,2024-12-06 02:15:29,2024-12-06 02:15:29,0,427,125,1
PD-57508-1135,2024-12-02 19:20:52,2024-12-02 19:20:52,0,456,145,1
PD-87598-6287,2024-12-03 00:26:36,2024-12-03 00:26:36,0,639,128,1
PD-89194-5410,2024-12-02 20:33:55,2024-12-02 20:33:55,0,114,98,1
PD-11822-1319,2024-12-05 01:24:10,2024-12-05 01:24:10,0,373,238,1
PD-49453-0165,2024-12-01 06:30:03,2024-12-01 06:30:03,0,909,190,1
PD-90286-6036,2024-12-06 07:24:31,2024-12-06 07:24:31,0,848,199,1
PD-14109-7567,2024-12-06 23:24:10,2024-12-06 23:24:10,0,169,133,1
PD-81953-6342,2024-12-04 10:09:18,2024-12-04 10:09:18,0,568,248,1
PD-96129-8193,2024-12-03 08:02:03,2024-12-03 08:02:03,0,429,117,1
PD-65052-1262,2024-12-06 04:09:14,2024-12-06 04:09:14,0,691,210,1
PD-49247-6318,2024-12-01 03:30:41,2024-12-01 03:30:41,0,907,247,1
PD-98029-1339,2024-12-01 10:48:06,2024-12-01 10:48:06,0,957,145,1
PD-94600-0052,2024-12-03 23:19:43,2024-12-03 23:19:43,0,109,162,1
PD-65093-8614,2024-12-05 01:13:45,2024-12-05 01:13:45,0,115,229,1
PD-05084-4937,2024-12-01 07:08:45,2024-12-01 07:08:45,0,957,160,1
PD-49941-5872,2024-12-02 12:10:06,2024-12-02 12:10:06,0,897,102,1
PD-65755-2731,2024-12-04 20:10:09,2024-12-04 20:10:09,0,436,227,1
PD-85699-2437,2024-12-04 21:14:29,2024-12-04 21:14:29,0,359,121,1
PD-65923-0115,2024-12-05 03:25:08,2024-12-05 03:25:08,0,363,132,1
PD-83055-3894,2024-12-06 08:01:18,2024-12-06 08:01:18,0,736,188,1
PD-53867-9201,2024-12-06 14:39:05,2024-12-06 14:39:05,0,265,206,1
PD-17253-4182,2024-12-01 15:58:22,2024-12-01 15:58:22,0,918,234,1
PD-83993-6450,2024-12-03 09:49:06,2024-12-03 09:49:06,0,523,138,1
PD-82450-7718,2024-12-02 12:01:44,2024-12-02 12:01:44,0,133,95,1
PD-91155-2021,2024-12-03 05:11:53,2024-12-03 05:11:53,0,471,183,1
PD-05251-0307,2024-12-04 07:02:05,2024-12-04 07:02:05,0,415,179,1
PD-35553-1210,2024-12-02 17:52:00,2024-12-02 17:52:00,0,594,152,1
PD-92319-3300,2024-12-02 10:31:15,2024-12-02 10:31:15,0,666,193,1
PD-00141-2296,2024-12-01 12:35:04,2024-12-01 12:35:04,0,435,186,1
PD-17617-7024,2024-12-02 20:45:40,2024-12-02 20:45:40,0,333,128,1
PD-38954-8817,2024-12-03 10:47:28,2024-12-03 10:47:28,0,637,121,1
PD-32830-0538,2024-12-05 16:19:04,2024-12-05 16:19:04,0,557,198,1
PD-70772-3957,2024-12-03 00:54:00,2024-12-03 00:54:00,0,404,168,1
PD-26253-3395,2024-12-03 05:31:38,2024-12-03 05:31:38,0,626,232,1
PD-36498-4624,2024-12-03 22:26:33,2024-12-03 22:26:33,0,2,229,1
PD-35576-6036,2024-12-03 04:46:48,2024-12-03 04:46:48,0,495,162,1
PD-93439-9652,2024-12-03 18:00:14,2024-12-03 18:00:14,0,550,122,1
PD-33223-2532,2024-12-04 07:05:14,2024-12-04 07:05:14,0,182,109,1
PD-83776-6302,2024-12-05 10:48:53,2024-12-05 10:48:53,0,575,162,1
PD-20342-9678,2024-12-03 03:23:29,2024-12-03 03:23:29,0,55,200,1
PD-98111-5642,2024-12-04 04:52:09,2024-12-04 04:52:09,0,635,176,1
PD-25407-7602,2024-12-04 09:37:22,2024-12-04 09:37:22,0,542,243,1
PD-49880-2514,2024-12-04 02:22:20,2024-12-04 02:22:20,0,768,122,1
PD-73116-5128,2024-12-06 05:08:53,2024-12-06 05:08:53,0,583,244,1
PD-77697-5303,2024-12-04 02:29:34,2024-12-04 02:29:34,0,126,138,1
PD-06427-0196,2024-12-01 06:20:06,2024-12-01 06:20:06,0,236,130,1
PD-46391-4562,2024-12-06 21:23:47,2024-12-06 21:23:47,0,752,194,1
PD-41577-4928,2024-12-02 15:11:31,2024-12-02 15:11:31,0,840,250,1
PD-95911-3805,2024-12-03 22:53:06,2024-12-03 22:53:06,0,691,227,1
PD-85789-1135,2024-12-03 08:16:39,2024-12-03 08:16:39,0,839,161,1
PD-76606-4837,2024-12-04 18:03:37,2024-12-04 18:03:37,0,381,109,1
PD-59141-3618,2024-12-06 08:17:08,2024-12-06 08:17:08,0,455,204,1
PD-68283-4474,2024-12-05 11:56:21,2024-12-05 11:56:21,0,585,106,1
PD-74732-1540,2024-12-06 06:01:48,2024-12-06 06:01:48,0,808,203,1
PD-85563-3277,2024-12-06 18:43:09,2024-12-06 18:43:09,0,33,177,1
PD-30510-5151,2024-12-02 04:36:50,2024-12-02 04:36:50,0,870,158,1
PD-08157-3428,2024-12-04 23:18:07,2024-12-04 23:18:07,0,256,240,1
PD-23153-8337,2024-12-01 23:47:38,2024-12-01 23:47:38,0,260,202,1
PD-19580-1237,2024-12-03 23:29:41,2024-12-03 23:29:41,0,541,202,1
PD-78051-2280,2024-12-04 15:46:26,2024-12-04 15:46:26,0,936,164,1
PD-94839-2330,2024-12-04 04:47:03,2024-12-04 04:47:03,0,977,248,1
PD-71298-6189,2024-12-05 13:20:13,2024-12-05 13:20:13,0,707,152,1
PD-95892-5760,2024-12-05 02:59:32,2024-12-05 02:59:32,0,533,111,1
PD-88009-0234,2024-12-06 15:01:13,2024-12-06 15:01:13,0,485,208,1
PD-06844-3115,2024-12-03 04:44:16,2024-12-03 04:44:16,0,293,187,1
PD-00022-1719,2024-12-05 19:57:10,2024-12-05 19:57:10,0,356,243,1
PD-70566-9357,2024-12-01 06:53:00,2024-12-01 06:53:00,0,197,164,1
PD-39851-0574,2024-12-03 00:25:46,2024-12-03 00:25:46,0,598,156,1
PD-02328-2143,2024-12-06 05:06:56,2024-12-06 05:06:56,0,682,143,1
PD-18885-9213,2024-12-03 18:44:36,2024-12-03 18:44:36,0,745,144,1
PD-87125-5337,2024-12-06 12:44:43,2024-12-06 12:44:43,0,598,214,1
PD-74804-2867,2024-12-04 05:03:11,2024-12-04 05:03:11,0,532,125,1
PD-20392-5540,2024-12-03 11:42:53,2024-12-03 11:42:53,0,561,230,1
PD-30864-1460,2024-12-04 14:26:36,2024-12-04 14:26:36,0,229,221,1
PD-82486-1545,2024-12-05 14:05:22,2024-12-05 14:05:22,0,187,191,1
PD-04904-0323,2024-12-05 19:28:21,2024-12-05 19:28:21,0,904,174,1
PD-94480-4035,2024-12-06 15:26:24,2024-12-06 15:26:24,0,508,114,1
PD-68532-4874,2024-12-05 10:07:57,2024-12-05 10:07:57,0,776,162,1
PD-63072-6846,2024-12-02 11:37:17,2024-12-02 11:37:17,0,283,133,1
PD-33380-4141,2024-12-01 23:28:48,2024-12-01 23:28:48,0,43,112,1
PD-98881-4874,2024-12-01 06:32:26,2024-12-01 06:32:26,0,965,203,1
PD-49776-1711,2024-12-02 04:40:18,2024-12-02 04:40:18,0,887,203,1
PD-96505-2501,2024-12-04 14:06:34,2024-12-04 14:06:34,0,270,105,1
PD-02191-5896,2024-12-04 11:38:59,2024-12-04 11:38:59,0,295,136,1
PD-74704-9512,2024-12-02 21:26:29,2024-12-02 21:26:29,0,452,219,1
PD-13133-0122,2024-12-03 09:12:30,2024-12-03 09:12:30,0,433,163,1
PD-76028-9804,2024-12-05 08:32:20,2024-12-05 08:32:20,0,842,236,1
PD-94577-4341,2024-12-01 08:51:28,2024-12-01 08:51:28,0,15,169,1
PD-70603-9541,2024-12-01 18:45:00,2024-12-01 18:45:00,0,422,246,1
PD-52005-6354,2024-12-06 09:51:42,2024-12-06 09:51:42,0,42,237,1
PD-92035-0938,2024-12-06 21:47:06,2024-12-06 21:47:06,0,935,152,1
PD-01720-4533,2024-12-05 06:30:47,2024-12-05 06:30:47,0,936,151,1
PD-40681-6949,2024-12-05 17:03:13,2024-12-05 17:03:13,0,239,119,1
PD-63161-6122,2024-12-05 23:57:57,2024-12-05 23:57:57,0,822,156,1
PD-20793-2266,2024-12-05 20:00:00,2024-12-05 20:00:00,0,395,97,1
PD-41750-7251,2024-12-05 07:58:18,2024-12-05 07:58:18,0,523,155,1
PD-02929-0807,2024-12-03 16:59:59,2024-12-03 16:59:59,0,759,145,1
PD-97313-4285,2024-12-05 01:12:30,2024-12-05 01:12:30,0,968,160,1
PD-62391-4105,2024-12-02 17:11:23,2024-12-02 17:11:23,0,964,109,1
PD-78357-4774,2024-12-04 19:46:41,2024-12-04 19:46:41,0,687,245,1
PD-90600-8285,2024-12-05 02:46:44,2024-12-05 02:46:44,0,671,248,1
PD-24067-4381,2024-12-06 03:07:26,2024-12-06 03:07:26,0,738,239,1
PD-77195-8591,2024-12-01 16:25:54,2024-12-01 16:25:54,0,448,138,1
PD-86241-0027,2024-12-05 19:15:00,2024-12-05 19:15:00,0,189,98,1
PD-73435-4108,2024-12-05 04:20:23,2024-12-05 04:20:23,0,966,151,1
PD-57086-3519,2024-12-05 03:48:15,2024-12-05 03:48:15,0,788,234,1
PD-26518-4735,2024-12-05 09:29:55,2024-12-05 09:29:55,0,7,211,1
PD-20540-2486,2024-12-04 15:46:03,2024-12-04 15:46:03,0,531,148,1
PD-30399-9316,2024-12-05 08:22:55,2024-12-05 08:22:55,0,95,165,1
PD-56718-8273,2024-12-06 20:01:37,2024-12-06 20:01:37,0,50,109,1
PD-72841-8034,2024-12-02 15:15:51,2024-12-02 15:15:51,0,339,102,1
PD-48636-0907,2024-12-06 13:24:40,2024-12-06 13:24:40,0,682,108,1
PD-31305-5225,2024-12-05 19:40:38,2024-12-05 19:40:38,0,35,211,1
PD-15457-8449,2024-12-04 22:52:57,2024-12-04 22:52:57,0,593,149,1
PD-21229-9355,2024-12-02 03:08:39,2024-12-02 03:08:39,0,201,189,1
PD-50252-9775,2024-12-03 23:32:52,2024-12-03 23:32:52,0,239,244,1
PD-49744-6437,2024-12-06 05:44:44,2024-12-06 05:44:44,0,414,213,1
PD-59598-7291,2024-12-01 08:06:46,2024-12-01 08:06:46,0,865,114,1
PD-22678-9900,2024-12-01 13:01:00,2024-12-01 13:01:00,0,954,178,1
PD-35764-5945,2024-12-06 07:33:07,2024-12-06 07:33:07,0,176,167,1
PD-22732-4643,2024-12-03 00:50:20,2024-12-03 00:50:20,0,641,233,1
PD-41683-7793,2024-12-03 15:39:32,2024-12-03 15:39:32,0,976,126,1
PD-49429-6813,2024-12-06 03:17:19,2024-12-06 03:17:19,0,38,202,1
PD-27057-7523,2024-12-01 22:07:09,2024-12-01 22:07:09,0,232,103,1
PD-88092-2836,2024-12-03 15:46:03,2024-12-03 15:46:03,0,844,104,1
PD-11283-3743,2024-12-04 22:36:28,2024-12-04 22:36:28,0,642,149,1
PD-35340-4705,2024-12-02 22:15:54,2024-12-02 22:15:54,0,177,217,1
PD-81670-5286,2024-12-05 07:03:24,2024-12-05 07:03:24,0,88,242,1
PD-72446-4119,2024-12-02 03:06:43,2024-12-02 03:06:43,0,174,163,1
PD-58543-3420,2024-12-02 15:37:16,2024-12-02 15:37:16,0,742,168,1
PD-65177-8313,2024-12-06 05:09:01,2024-12-06 05:09:01,0,857,229,1
PD-22680-3830,2024-12-03 02:11:15,2024-12-03 02:11:15,0,820,111,1
PD-27226-2206,2024-12-01 20:46:59,2024-12-01 20:46:59,0,988,223,1
PD-37168-5518,2024-12-05 09:00:24,2024-12-05 09:00:24,0,785,170,1
PD-35274-4264,2024-12-01 00:57:53,2024-12-01 00:57:53,0,220,162,1
PD-67040-0912,2024-12-05 13:22:26,2024-12-05 13:22:26,0,655,179,1
PD-94541-7147,2024-12-03 23:30:34,2024-12-03 23:30:34,0,731,191,1
PD-01216-9550,2024-12-02 06:12:00,2024-12-02 06:12:00,0,263,195,1
PD-50141-7166,2024-12-03 19:17:44,2024-12-03 19:17:44,0,106,102,1
PD-05494-2928,2024-12-01 03:25:54,2024-12-01 03:25:54,0,345,132,1
PD-41488-5833,2024-12-03 05:44:04,2024-12-03 05:44:04,0,455,115,1
PD-72736-6446,2024-12-04 00:16:51,2024-12-04 00:16:51,0,319,159,1
PD-11178-8010,2024-12-03 00:35:06,2024-12-03 00:35:06,0,65,196,1
PD-18284-8966,2024-12-05 12:55:26,2024-12-05 12:55:26,0,998,164,1
PD-69642-8442,2024-12-06 11:16:13,2024-12-06 11:16:13,0,161,181,1
PD-29411-6450,2024-12-05 14:47:42,2024-12-05 14:47:42,0,90,160,1
PD-66365-4428,2024-12-02 12:25:23,2024-12-02 12:25:23,0,543,235,1
PD-30929-6528,2024-12-01 00:36:31,2024-12-01 00:36:31,0,3,230,1
PD-20702-0930,2024-12-04 22:14:26,2024-12-04 22:14:26,0,941,180,1
PD-72041-1274,2024-12-03 21:47:15,2024-12-03 21:47:15,0,583,169,1
PD-62187-3514,2024-12-04 15:39:28,2024-12-04 15:39:28,0,1,243,1
PD-84574-3530,2024-12-02 13:54:21,2024-12-02 13:54:21,0,702,156,1
PD-47861-0959,2024-12-06 22:36:23,2024-12-06 22:36:23,0,703,195,1
PD-05531-7014,2024-12-01 10:11:01,2024-12-01 10:11:01,0,392,119,1
PD-27658-2691,2024-12-06 22:51:02,2024-12-06 22:51:02,0,367,126,1
PD-07278-6245,2024-12-03 20:44:40,2024-12-03 20:44:40,0,794,215,1
PD-64984-3969,2024-12-01 13:02:18,2024-12-01 13:02:18,0,676,94,1
PD-56574-0429,2024-12-04 16:23:43,2024-12-04 16:23:43,0,2,144,1
PD-42426-0858,2024-12-02 15:49:14,2024-12-02 15:49:14,0,864,105,1
PD-20564-7482,2024-12-04 23:48:42,2024-12-04 23:48:42,0,3,127,1
PD-02988-3091,2024-12-01 05:38:43,2024-12-01 05:38:43,0,171,155,1
PD-35072-2795,2024-12-02 23:18:50,2024-12-02 23:18:50,0,12,145,1
PD-23548-9289,2024-12-03 21:58:45,2024-12-03 21:58:45,0,890,165,1
PD-25875-5496,2024-12-04 14:41:01,2024-12-04 14:41:01,0,368,92,1
PD-63818-9507,2024-12-05 00:08:43,2024-12-05 00:08:43,0,287,128,1
PD-73514-8133,2024-12-04 00:32:03,2024-12-04 00:32:03,0,207,93,1
PD-29229-0669,2024-12-04 22:59:29,2024-12-04 22:59:29,0,962,246,1
PD-31844-8334,2024-12-03 01:57:11,2024-12-03 01:57:11,0,799,141,1
PD-43926-6168,2024-12-01 03:52:56,2024-12-01 03:52:56,0,825,190,1
PD-29735-5640,2024-12-01 13:07:21,2024-12-01 13:07:21,0,552,101,1
PD-75518-6961,2024-12-04 02:25:26,2024-12-04 02:25:26,0,178,92,1
PD-27317-7218,2024-12-05 02:29:06,2024-12-05 02:29:06,0,190,151,1
PD-45961-8427,2024-12-06 14:45:23,2024-12-06 14:45:23,0,38,164,1
PD-71847-0654,2024-12-03 06:54:52,2024-12-03 06:54:52,0,177,110,1
PD-33794-2411,2024-12-05 13:40:15,2024-12-05 13:40:15,0,683,238,1
PD-07852-9456,2024-12-01 11:48:27,2024-12-01 11:48:27,0,226,199,1
PD-23371-0771,2024-12-02 16:22:48,2024-12-02 16:22:48,0,462,198,1
PD-46831-6770,2024-12-03 08:06:13,2024-12-03 08:06:13,0,939,237,1
PD-96097-3768,2024-12-03 22:52:08,2024-12-03 22:52:08,0,871,244,1
PD-95683-1666,2024-12-05 05:21:34,2024-12-05 05:21:34,0,975,151,1
PD-58568-9785,2024-12-05 02:28:25,2024-12-05 02:28:25,0,396,184,1
PD-28818-8490,2024-12-06 04:32:21,2024-12-06 04:32:21,0,962,164,1
PD-19886-0886,2024-12-06 02:44:45,2024-12-06 02:44:45,0,828,167,1
PD-43401-1206,2024-12-03 10:19:10,2024-12-03 10:19:10,0,547,156,1
PD-79003-0239,2024-12-06 05:21:00,2024-12-06 05:21:00,0,957,238,1
PD-46834-2658,2024-12-01 16:08:03,2024-12-01 16:08:03,0,152,155,1
PD-52015-5455,2024-12-05 01:31:17,2024-12-05 01:31:17,0,372,152,1
PD-83143-3019,2024-12-03 10:33:20,2024-12-03 10:33:20,0,402,152,1
PD-29984-1414,2024-12-04 17:53:43,2024-12-04 17:53:43,0,721,159,1
PD-04076-0531,2024-12-01 04:36:16,2024-12-01 04:36:16,0,93,107,1
PD-61763-2765,2024-12-02 08:32:03,2024-12-02 08:32:03,0,623,203,1
PD-41512-6705,2024-12-03 18:02:58,2024-12-03 18:02:58,0,97,129,1
PD-61387-1746,2024-12-02 14:59:17,2024-12-02 14:59:17,0,151,95,1
PD-81138-0399,2024-12-06 06:56:21,2024-12-06 06:56:21,0,109,204,1
PD-59976-8924,2024-12-06 10:55:30,2024-12-06 10:55:30,0,717,197,1
PD-55071-4517,2024-12-03 08:21:47,2024-12-03 08:21:47,0,900,119,1
PD-16383-7257,2024-12-02 19:06:32,2024-12-02 19:06:32,0,754,120,1
PD-03830-8461,2024-12-03 04:30:23,2024-12-03 04:30:23,0,277,235,1
PD-02984-2044,2024-12-04 00:41:19,2024-12-04 00:41:19,0,909,197,1
PD-70474-9108,2024-12-05 14:33:30,2024-12-05 14:33:30,0,573,246,1
PD-57900-9254,2024-12-03 14:53:02,2024-12-03 14:53:02,0,740,105,1
PD-50361-8553,2024-12-02 14:58:40,2024-12-02 14:58:40,0,477,246,1
PD-14417-7181,2024-12-02 14:09:49,2024-12-02 14:09:49,0,396,206,1
PD-11951-0969,2024-12-02 14:26:37,2024-12-02 14:26:37,0,583,193,1
PD-92410-8454,2024-12-05 01:01:31,2024-12-05 01:01:31,0,358,203,1
PD-34432-5100,2024-12-06 20:02:12,2024-12-06 20:02:12,0,518,127,1
PD-30153-7911,2024-12-06 14:53:47,2024-12-06 14:53:47,0,872,164,1
PD-01509-9397,2024-12-01 15:59:39,2024-12-01 15:59:39,0,418,159,1
PD-75254-9022,2024-12-05 13:23:03,2024-12-05 13:23:03,0,304,226,1
PD-95844-3196,2024-12-03 08:57:23,2024-12-03 08:57:23,0,895,169,1
PD-69738-7713,2024-12-02 03:03:51,2024-12-02 03:03:51,0,83,105,1
PD-60385-3459,2024-12-06 20:17:10,2024-12-06 20:17:10,0,343,144,1
PD-11516-6015,2024-12-02 23:16:42,2024-12-02 23:16:42,0,470,132,1
PD-76420-2539,2024-12-03 09:33:18,2024-12-03 09:33:18,0,196,246,1
PD-08230-6503,2024-12-03 14:18:01,2024-12-03 14:18:01,0,777,245,1
PD-58542-0668,2024-12-04 03:28:31,2024-12-04 03:28:31,0,584,146,1
PD-13505-9298,2024-12-05 05:34:17,2024-12-05 05:34:17,0,937,143,1
PD-64726-7634,2024-12-05 20:28:47,2024-12-05 20:28:47,0,303,133,1
PD-42924-7276,2024-12-01 21:41:27,2024-12-01 21:41:27,0,826,142,1
PD-86218-9624,2024-12-05 19:11:46,2024-12-05 19:11:46,0,499,150,1
PD-47867-7770,2024-12-06 13:25:47,2024-12-06 13:25:47,0,794,143,1
PD-99426-9124,2024-12-06 15:50:16,2024-12-06 15:50:16,0,332,154,1
PD-18993-1417,2024-12-02 12:25:13,2024-12-02 12:25:13,0,956,200,1
PD-05355-2009,2024-12-02 14:03:15,2024-12-02 14:03:15,0,218,201,1
PD-56155-5320,2024-12-03 07:07:05,2024-12-03 07:07:05,0,84,119,1
PD-48105-6825,2024-12-01 05:06:08,2024-12-01 05:06:08,0,668,102,1
PD-70100-6101,2024-12-03 18:59:55,2024-12-03 18:59:55,0,166,118,1
PD-36595-6399,2024-12-05 22:49:56,2024-12-05 22:49:56,0,15,220,1
PD-38468-2299,2024-12-04 11:00:55,2024-12-04 11:00:55,0,490,195,1
PD-40534-4879,2024-12-04 03:44:52,2024-12-04 03:44:52,0,787,103,1
PD-39805-2278,2024-12-01 07:57:59,2024-12-01 07:57:59,0,649,192,1
PD-77097-0118,2024-12-05 02:00:57,2024-12-05 02:00:57,0,772,158,1
PD-06483-7669,2024-12-01 23:28:44,2024-12-01 23:28:44,0,17,192,1
PD-54810-1934,2024-12-05 07:26:55,2024-12-05 07:26:55,0,291,212,1
PD-08906-8894,2024-12-02 19:31:17,2024-12-02 19:31:17,0,855,91,1
PD-22345-6573,2024-12-05 17:32:07,2024-12-05 17:32:07,0,133,139,1
PD-62153-9520,2024-12-06 00:10:45,2024-12-06 00:10:45,0,625,190,1
PD-05421-2433,2024-12-06 07:55:11,2024-12-06 07:55:11,0,795,161,1
PD-49179-3969,2024-12-01 03:28:44,2024-12-01 03:28:44,0,972,200,1
PD-77365-7899,2024-12-05 01:54:47,2024-12-05 01:54:47,0,559,205,1
PD-05373-3238,2024-12-06 23:04:26,2024-12-06 23:04:26,0,652,142,1
PD-79687-4915,2024-12-02 09:47:01,2024-12-02 09:47:01,0,782,190,1
PD-68259-8961,2024-12-01 05:41:09,2024-12-01 05:41:09,0,35,156,1
PD-37310-0322,2024-12-04 09:59:50,2024-12-04 09:59:50,0,564,121,1
PD-70669-4567,2024-12-02 14:48:15,2024-12-02 14:48:15,0,400,139,1
PD-08624-3585,2024-12-06 00:02:15,2024-12-06 00:02:15,0,937,213,1
PD-17052-8494,2024-12-04 02:42:33,2024-12-04 02:42:33,0,201,146,1
PD-10493-3808,2024-12-01 05:39:08,2024-12-01 05:39:08,0,42,117,1
PD-86546-0679,2024-12-03 23:04:42,2024-12-03 23:04:42,0,25,141,1
PD-12493-4539,2024-12-04 19:52:02,2024-12-04 19:52:02,0,951,143,1
PD-57694-1370,2024-12-01 16:23:59,2024-12-01 16:23:59,0,490,181,1
PD-08958-2592,2024-12-06 10:36:51,2024-12-06 10:36:51,0,226,148,1
PD-25593-3105,2024-12-01 05:57:30,2024-12-01 05:57:30,0,444,246,1
PD-73211-7065,2024-12-05 15:02:22,2024-12-05 15:02:22,0,546,178,1
PD-98198-3266,2024-12-02 03:24:30,2024-12-02 03:24:30,0,955,218,1
PD-89373-9533,2024-12-04 13:48:26,2024-12-04 13:48:26,0,518,239,1
PD-83373-4366,2024-12-04 12:49:23,2024-12-04 12:49:23,0,397,239,1
PD-32258-4955,2024-12-04 07:56:28,2024-12-04 07:56:28,0,344,213,1
PD-28831-5190,2024-12-01 18:09:18,2024-12-01 18:09:18,0,941,242,1
PD-47803-6737,2024-12-05 04:17:05,2024-12-05 04:17:05,0,836,126,1
PD-39834-9317,2024-12-02 04:34:37,2024-12-02 04:34:37,0,390,137,1
PD-73893-6289,2024-12-03 00:11:53,2024-12-03 00:11:53,0,330,247,1
PD-48569-1882,2024-12-05 15:06:18,2024-12-05 15:06:18,0,237,208,1
PD-71071-0672,2024-12-02 04:44:48,2024-12-02 04:44:48,0,493,178,1
PD-24311-0108,2024-12-02 21:36:14,2024-12-02 21:36:14,0,692,188,1
PD-29113-2926,2024-12-03 22:48:57,2024-12-03 22:48:57,0,478,139,1
PD-41097-1645,2024-12-01 23:54:03,2024-12-01 23:54:03,0,944,203,1
PD-68970-2373,2024-12-01 14:22:55,2024-12-01 14:22:55,0,177,136,1
PD-56431-2894,2024-12-02 06:20:42,2024-12-02 06:20:42,0,43,244,1
PD-55349-6325,2024-12-04 08:10:21,2024-12-04 08:10:21,0,295,212,1
PD-44079-7627,2024-12-06 08:57:24,2024-12-06 08:57:24,0,421,121,1
PD-59970-1552,2024-12-03 17:53:03,2024-12-03 17:53:03,0,337,134,1
PD-91639-8063,2024-12-04 02:33:16,2024-12-04 02:33:16,0,204,91,1
PD-87404-7765,2024-12-06 00:14:21,2024-12-06 00:14:21,0,934,250,1
PD-12667-5612,2024-12-01 06:25:51,2024-12-01 06:25:51,0,546,152,1
PD-71609-1095,2024-12-03 05:39:21,2024-12-03 05:39:21,0,244,108,1
PD-56515-2853,2024-12-06 09:53:14,2024-12-06 09:53:14,0,978,234,1
PD-80028-3447,2024-12-01 09:10:17,2024-12-01 09:10:17,0,488,150,1
PD-84665-6078,2024-12-02 22:37:07,2024-12-02 22:37:07,0,439,242,1
PD-31181-4478,2024-12-06 05:02:36,2024-12-06 05:02:36,0,586,167,1
PD-88389-2774,2024-12-06 15:43:33,2024-12-06 15:43:33,0,861,243,1
PD-27171-6892,2024-12-03 03:22:42,2024-12-03 03:22:42,0,454,186,1
PD-37056-5057,2024-12-06 22:02:16,2024-12-06 22:02:16,0,506,146,1
PD-30565-6314,2024-12-06 13:07:25,2024-12-06 13:07:25,0,103,221,1
PD-67370-3445,2024-12-06 18:23:04,2024-12-06 18:23:04,0,702,206,1
PD-60974-0868,2024-12-01 07:21:10,2024-12-01 07:21:10,0,101,142,1
PD-97153-3219,2024-12-02 07:11:04,2024-12-02 07:11:04,0,867,129,1
PD-92513-9586,2024-12-03 14:32:25,2024-12-03 14:32:25,0,234,142,1
PD-70485-0703,2024-12-01 01:46:53,2024-12-01 01:46:53,0,983,139,1
PD-98652-0215,2024-12-05 00:48:39,2024-12-05 00:48:39,0,954,225,1
PD-42167-1719,2024-12-05 13:44:10,2024-12-05 13:44:10,0,641,195,1
PD-39393-1936,2024-12-04 00:00:50,2024-12-04 00:00:50,0,978,220,1
PD-21547-0880,2024-12-06 00:16:32,2024-12-06 00:16:32,0,238,160,1
PD-57931-2460,2024-12-04 12:04:51,2024-12-04 12:04:51,0,950,219,1
PD-77983-4016,2024-12-04 10:20:58,2024-12-04 10:20:58,0,371,174,1
PD-24281-9627,2024-12-02 15:27:35,2024-12-02 15:27:35,0,237,204,1
PD-63582-9812,2024-12-03 21:58:51,2024-12-03 21:58:51,0,565,235,1
PD-84621-2134,2024-12-02 06:34:08,2024-12-02 06:34:08,0,858,237,1
PD-98758-3204,2024-12-05 16:01:29,2024-12-05 16:01:29,0,512,91,1
PD-37445-9328,2024-12-01 21:32:49,2024-12-01 21:32:49,0,800,201,1
PD-20829-7831,2024-12-01 07:52:12,2024-12-01 07:52:12,0,184,243,1
PD-48384-5993,2024-12-05 20:38:15,2024-12-05 20:38:15,0,111,155,1
PD-13908-2110,2024-12-06 00:54:33,2024-12-06 00:54:33,0,529,206,1
PD-10652-3364,2024-12-03 08:20:08,2024-12-03 08:20:08,0,649,192,1
PD-98397-6269,2024-12-05 12:11:31,2024-12-05 12:11:31,0,324,94,1
PD-08196-4892,2024-12-06 08:13:50,2024-12-06 08:13:50,0,317,116,1
PD-44044-4301,2024-12-05 15:21:13,2024-12-05 15:21:13,0,696,231,1
PD-47202-4715,2024-12-03 07:35:54,2024-12-03 07:35:54,0,173,196,1
PD-10149-5975,2024-12-01 19:56:46,2024-12-01 19:56:46,0,67,232,1
PD-35129-6399,2024-12-05 18:41:48,2024-12-05 18:41:48,0,800,146,1
PD-78000-1301,2024-12-04 09:45:47,2024-12-04 09:45:47,0,541,173,1
PD-40008-5507,2024-12-04 22:42:44,2024-12-04 22:42:44,0,673,174,1
PD-06513-0273,2024-12-06 10:52:20,2024-12-06 10:52:20,0,176,154,1
PD-37103-3001,2024-12-02 04:14:24,2024-12-02 04:14:24,0,180,231,1
PD-11518-4964,2024-12-01 19:14:39,2024-12-01 19:14:39,0,596,138,1
PD-83651-3602,2024-12-02 08:10:22,2024-12-02 08:10:22,0,10,183,1
PD-64551-2628,2024-12-02 10:59:57,2024-12-02 10:59:57,0,354,158,1
PD-06432-7098,2024-12-04 21:53:19,2024-12-04 21:53:19,0,662,150,1
PD-87461-2310,2024-12-04 04:06:28,2024-12-04 04:06:28,0,974,174,1
PD-70574-4030,2024-12-06 23:27:19,2024-12-06 23:27:19,0,289,110,1
PD-38021-4048,2024-12-06 05:18:44,2024-12-06 05:18:44,0,84,140,1
PD-90602-2441,2024-12-02 23:49:33,2024-12-02 23:49:33,0,84,153,1
PD-31326-3454,2024-12-06 16:41:23,2024-12-06 16:41:23,0,826,242,1
PD-60788-4233,2024-12-01 11:23:18,2024-12-01 11:23:18,0,547,168,1
PD-08910-8963,2024-12-06 15:57:33,2024-12-06 15:57:33,0,297,96,1
PD-19001-3147,2024-12-03 02:35:36,2024-12-03 02:35:36,0,431,112,1
PD-93872-2717,2024-12-02 06:29:52,2024-12-02 06:29:52,0,26,240,1
PD-72366-6826,2024-12-03 22:07:51,2024-12-03 22:07:51,0,351,236,1
PD-36093-8238,2024-12-02 17:21:53,2024-12-02 17:21:53,0,771,205,1
PD-77695-2807,2024-12-02 15:51:46,2024-12-02 15:51:46,0,686,175,1
PD-14344-1167,2024-12-01 06:20:09,2024-12-01 06:20:09,0,740,173,1
PD-08090-5609,2024-12-01 10:10:45,2024-12-01 10:10:45,0,999,228,1
PD-35299-0572,2024-12-01 21:03:19,2024-12-01 21:03:19,0,384,133,1
PD-91977-7121,2024-12-06 10:57:23,2024-12-06 10:57:23,0,912,119,1
PD-59556-8954,2024-12-05 03:20:47,2024-12-05 03:20:47,0,375,169,1
PD-72749-9162,2024-12-03 23:39:34,2024-12-03 23:39:34,0,272,151,1
PD-51115-0712,2024-12-01 05:01:16,2024-12-01 05:01:16,0,845,221,1
PD-56451-4119,2024-12-03 13:16:43,2024-12-03 13:16:43,0,544,180,1
PD-77464-9683,2024-12-01 14:29:15,2024-12-01 14:29:15,0,890,132,1
PD-95167-0223,2024-12-02 20:31:25,2024-12-02 20:31:25,0,99,139,1
PD-40173-0766,2024-12-06 12:01:27,2024-12-06 12:01:27,0,89,129,1
PD-43758-9835,2024-12-03 04:46:15,2024-12-03 04:46:15,0,66,92,1
PD-45464-2389,2024-12-05 21:35:51,2024-12-05 21:35:51,0,530,220,1
PD-79316-9344,2024-12-05 03:14:57,2024-12-05 03:14:57,0,211,93,1
PD-38141-1733,2024-12-05 16:05:26,2024-12-05 16:05:26,0,996,172,1
PD-36502-9435,2024-12-02 17:07:54,2024-12-02 17:07:54,0,25,197,1
PD-68984-0403,2024-12-03 23:35:12,2024-12-03 23:35:12,0,744,223,1
PD-51464-5551,2024-12-04 05:40:03,2024-12-04 05:40:03,0,471,193,1
PD-80522-7098,2024-12-04 22:46:40,2024-12-04 22:46:40,0,605,201,1
PD-12233-4075,2024-12-01 10:07:47,2024-12-01 10:07:47,0,362,102,1
PD-38872-1057,2024-12-01 09:42:21,2024-12-01 09:42:21,0,932,110,1
PD-48730-3115,2024-12-04 16:38:34,2024-12-04 16:38:34,0,914,97,1
PD-90388-0940,2024-12-03 15:04:57,2024-12-03 15:04:57,0,365,183,1
PD-92048-4028,2024-12-05 00:22:58,2024-12-05 00:22:58,0,30,246,1
PD-60608-7703,2024-12-06 14:04:57,2024-12-06 14:04:57,0,418,168,1
PD-42694-3965,2024-12-04 02:09:55,2024-12-04 02:09:55,0,532,150,1
PD-75179-5788,2024-12-04 01:04:38,2024-12-04 01:04:38,0,163,112,1
PD-64345-0973,2024-12-01 12:55:31,2024-12-01 12:55:31,0,983,149,1
PD-05094-0307,2024-12-06 11:05:41,2024-12-06 11:05:41,0,734,203,1
PD-15030-9078,2024-12-03 15:30:39,2024-12-03 15:30:39,0,772,192,1
PD-20872-9025,2024-12-02 17:09:28,2024-12-02 17:09:28,0,583,246,1
PD-00005-9998,2024-12-06 10:11:06,2024-12-06 10:11:06,0,451,126,1
PD-61738-6303,2024-12-04 03:19:55,2024-12-04 03:19:55,0,231,105,1
PD-45248-8835,2024-12-04 01:14:54,2024-12-04 01:14:54,0,403,229,1
PD-63160-9245,2024-12-03 21:05:29,2024-12-03 21:05:29,0,249,172,1
PD-08790-7777,2024-12-04 16:35:29,2024-12-04 16:35:29,0,887,203,1
PD-64751-2413,2024-12-04 07:28:21,2024-12-04 07:28:21,0,630,239,1
PD-87864-7801,2024-12-04 16:58:55,2024-12-04 16:58:55,0,1,110,1
PD-68344-2477,2024-12-05 10:03:29,2024-12-05 10:03:29,0,264,105,1
PD-11583-2679,2024-12-01 12:43:28,2024-12-01 12:43:28,0,747,223,1
PD-20730-5303,2024-12-06 21:53:26,2024-12-06 21:53:26,0,435,198,1
PD-85956-7096,2024-12-03 23:09:58,2024-12-03 23:09:58,0,687,231,1
PD-96298-6323,2024-12-04 20:09:12,2024-12-04 20:09:12,0,582,184,1
PD-21883-8545,2024-12-06 15:51:12,2024-12-06 15:51:12,0,413,222,1
PD-81760-1755,2024-12-01 06:53:24,2024-12-01 06:53:24,0,698,221,1
PD-88254-6419,2024-12-03 00:11:22,2024-12-03 00:11:22,0,109,154,1
PD-65635-6847,2024-12-02 12:22:16,2024-12-02 12:22:16,0,227,116,1
PD-89007-9558,2024-12-05 08:20:50,2024-12-05 08:20:50,0,349,231,1
PD-14259-9005,2024-12-01 03:41:02,2024-12-01 03:41:02,0,279,198,1
PD-18653-4013,2024-12-02 14:44:06,2024-12-02 14:44:06,0,529,143,1
PD-00430-2402,2024-12-05 18:25:30,2024-12-05 18:25:30,0,672,128,1
PD-71362-8694,2024-12-05 21:41:41,2024-12-05 21:41:41,0,350,227,1
PD-91367-7831,2024-12-01 09:56:10,2024-12-01 09:56:10,0,4,153,1
PD-05105-2269,2024-12-06 19:50:33,2024-12-06 19:50:33,0,840,176,1
PD-57917-0637,2024-12-04 14:15:53,2024-12-04 14:15:53,0,662,125,1
PD-04038-3778,2024-12-01 17:33:23,2024-12-01 17:33:23,0,519,215,1
PD-26334-1872,2024-12-05 03:13:21,2024-12-05 03:13:21,0,513,197,1
PD-14217-2739,2024-12-02 21:25:34,2024-12-02 21:25:34,0,822,168,1
PD-20390-3735,2024-12-04 14:53:35,2024-12-04 14:53:35,0,454,112,1
PD-55590-5685,2024-12-02 22:21:09,2024-12-02 22:21:09,0,348,208,1
PD-14407-2882,2024-12-01 15:05:23,2024-12-01 15:05:23,0,481,164,1
PD-93938-4506,2024-12-03 02:23:47,2024-12-03 02:23:47,0,414,170,1
PD-35052-5051,2024-12-04 00:40:43,2024-12-04 00:40:43,0,14,159,1
PD-86288-6939,2024-12-05 03:04:25,2024-12-05 03:04:25,0,749,159,1
PD-43657-2900,2024-12-06 04:07:25,2024-12-06 04:07:25,0,228,156,1
PD-51691-8714,2024-12-05 18:38:12,2024-12-05 18:38:12,0,446,104,1
PD-89480-3053,2024-12-01 16:02:28,2024-12-01 16:02:28,0,510,145,1
PD-80714-5829,2024-12-06 07:20:21,2024-12-06 07:20:21,0,939,158,1
PD-41508-5918,2024-12-06 05:19:50,2024-12-06 05:19:50,0,122,123,1
PD-60934-9882,2024-12-03 14:43:53,2024-12-03 14:43:53,0,444,116,1
PD-90127-4047,2024-12-04 19:23:33,2024-12-04 19:23:33,0,355,125,1
PD-50725-2320,2024-12-01 13:27:42,2024-12-01 13:27:42,0,685,188,1
PD-66970-6821,2024-12-06 20:15:59,2024-12-06 20:15:59,0,522,149,1
PD-37884-5580,2024-12-06 06:42:37,2024-12-06 06:42:37,0,972,151,1
PD-04086-9790,2024-12-01 02:34:21,2024-12-01 02:34:21,0,965,142,1
PD-54508-2650,2024-12-06 21:26:29,2024-12-06 21:26:29,0,384,178,1
PD-96140-7577,2024-12-01 19:40:04,2024-12-01 19:40:04,0,91,95,1
PD-73759-7937,2024-12-03 12:43:35,2024-12-03 12:43:35,0,406,159,1
PD-25723-0860,2024-12-04 17:56:34,2024-12-04 17:56:34,0,922,250,1
PD-05515-3062,2024-12-06 15:13:58,2024-12-06 15:13:58,0,278,175,1
PD-51021-2629,2024-12-02 07:38:54,2024-12-02 07:38:54,0,225,170,1
PD-99808-3692,2024-12-01 08:18:50,2024-12-01 08:18:50,0,675,128,1
PD-20921-1635,2024-12-03 09:49:23,2024-12-03 09:49:23,0,41,91,1
PD-62646-1109,2024-12-03 00:51:17,2024-12-03 00:51:17,0,156,167,1
PD-87126-6409,2024-12-06 17:15:05,2024-12-06 17:15:05,0,923,110,1
PD-42422-4870,2024-12-03 07:00:11,2024-12-03 07:00:11,0,58,185,1
PD-52972-5508,2024-12-01 22:21:40,2024-12-01 22:21:40,0,134,96,1
PD-71699-1999,2024-12-01 02:56:53,2024-12-01 02:56:53,0,694,159,1
PD-84529-2616,2024-12-01 14:53:36,2024-12-01 14:53:36,0,470,242,1
PD-29538-6652,2024-12-01 16:40:27,2024-12-01 16:40:27,0,418,117,1
PD-75958-4261,2024-12-02 11:51:23,2024-12-02 11:51:23,0,720,193,1
PD-05127-2714,2024-12-04 14:57:36,2024-12-04 14:57:36,0,883,94,1
PD-38648-6477,2024-12-04 14:49:28,2024-12-04 14:49:28,0,445,106,1
PD-00696-4167,2024-12-06 16:59:31,2024-12-06 16:59:31,0,750,237,1
PD-24995-6105,2024-12-01 04:51:00,2024-12-01 04:51:00,0,564,110,1
PD-08596-9174,2024-12-01 17:13:43,2024-12-01 17:13:43,0,838,114,1
PD-43270-1285,2024-12-04 02:45:50,2024-12-04 02:45:50,0,94,138,1
PD-21508-4685,2024-12-01 12:27:50,2024-12-01 12:27:50,0,672,207,1
PD-36126-6685,2024-12-02 14:46:19,2024-12-02 14:46:19,0,672,246,1
PD-26012-3359,2024-12-06 08:59:55,2024-12-06 08:59:55,0,177,220,1
PD-61264-3637,2024-12-01 23:01:13,2024-12-01 23:01:13,0,894,101,1
PD-52309-3874,2024-12-02 09:43:58,2024-12-02 09:43:58,0,24,174,1
PD-03731-5591,2024-12-05 18:19:40,2024-12-05 18:19:40,0,419,190,1
PD-05386-8366,2024-12-05 21:06:45,2024-12-05 21:06:45,0,294,175,1
PD-38601-9175,2024-12-05 23:41:17,2024-12-05 23:41:17,0,59,228,1
PD-42065-9282,2024-12-06 06:27:36,2024-12-06 06:27:36,0,952,142,1
PD-75087-9304,2024-12-04 07:40:07,2024-12-04 07:40:07,0,976,145,1
PD-21298-7296,2024-12-06 02:13:50,2024-12-06 02:13:50,0,527,121,1
PD-28741-4044,2024-12-06 07:43:29,2024-12-06 07:43:29,0,683,128,1
PD-37105-6651,2024-12-05 06:54:35,2024-12-05 06:54:35,0,282,194,1
PD-70744-5131,2024-12-06 00:39:07,2024-12-06 00:39:07,0,531,162,1
PD-13800-4872,2024-12-05 20:22:28,2024-12-05 20:22:28,0,542,232,1
PD-16093-7954,2024-12-05 01:06:42,2024-12-05 01:06:42,0,535,169,1
PD-11806-1448,2024-12-05 13:11:26,2024-12-05 13:11:26,0,11,116,1
PD-86805-7067,2024-12-01 19:34:50,2024-12-01 19:34:50,0,743,169,1
PD-56238-1607,2024-12-05 16:46:27,2024-12-05 16:46:27,0,284,158,1
PD-05041-7049,2024-12-03 06:09:20,2024-12-03 06:09:20,0,52,93,1
PD-18601-6243,2024-12-03 17:26:02,2024-12-03 17:26:02,0,633,149,1
PD-42901-2042,2024-12-02 23:41:52,2024-12-02 23:41:52,0,811,240,1
PD-21750-3550,2024-12-03 19:10:38,2024-12-03 19:10:38,0,194,223,1
PD-27419-2136,2024-12-02 16:44:37,2024-12-02 16:44:37,0,982,180,1
PD-02696-5615,2024-12-01 07:35:55,2024-12-01 07:35:55,0,268,127,1
PD-63625-5676,2024-12-01 06:38:37,2024-12-01 06:38:37,0,634,184,1
PD-48438-0467,2024-12-03 00:06:31,2024-12-03 00:06:31,0,488,157,1
PD-67539-9917,2024-12-03 11:50:23,2024-12-03 11:50:23,0,663,191,1
PD-49951-4864,2024-12-06 06:54:26,2024-12-06 06:54:26,0,394,157,1
PD-40712-9135,2024-12-05 05:13:16,2024-12-05 05:13:16,0,790,103,1
PD-96922-1452,2024-12-05 19:01:30,2024-12-05 19:01:30,0,667,198,1
PD-32922-0757,2024-12-01 23:13:47,2024-12-01 23:13:47,0,563,215,1
PD-30472-9661,2024-12-02 11:33:24,2024-12-02 11:33:24,0,108,137,1
PD-43033-4932,2024-12-01 09:02:26,2024-12-01 09:02:26,0,368,216,1
PD-84156-8174,2024-12-05 20:36:38,2024-12-05 20:36:38,0,836,158,1
PD-66653-1317,2024-12-04 06:32:16,2024-12-04 06:32:16,0,949,148,1
PD-05679-1294,2024-12-03 18:29:00,2024-12-03 18:29:00,0,209,114,1
PD-98117-0301,2024-12-06 22:09:37,2024-12-06 22:09:37,0,533,190,1
PD-37417-2079,2024-12-03 09:24:06,2024-12-03 09:24:06,0,808,190,1
PD-93092-5309,2024-12-02 19:08:00,2024-12-02 19:08:00,0,519,229,1
PD-13323-1122,2024-12-01 14:55:16,2024-12-01 14:55:16,0,71,181,1
PD-44749-4801,2024-12-05 11:01:14,2024-12-05 11:01:14,0,202,174,1
PD-28603-5232,2024-12-02 11:18:20,2024-12-02 11:18:20,0,690,174,1
PD-36218-8594,2024-12-02 14:40:00,2024-12-02 14:40:00,0,550,237,1
PD-61337-5349,2024-12-04 09:00:41,2024-12-04 09:00:41,0,698,244,1
PD-50152-3285,2024-12-04 06:10:32,2024-12-04 06:10:32,0,673,196,1
PD-22177-9263,2024-12-04 17:19:29,2024-12-04 17:19:29,0,321,237,1
PD-02385-9045,2024-12-04 14:35:05,2024-12-04 14:35:05,0,269,92,1
PD-83347-6011,2024-12-05 20:36:05,2024-12-05 20:36:05,0,739,146,1
PD-61502-9385,2024-12-04 16:59:43,2024-12-04 16:59:43,0,923,147,1
PD-21619-5670,2024-12-06 15:42:48,2024-12-06 15:42:48,0,645,234,1
PD-32316-2015,2024-12-03 20:14:58,2024-12-03 20:14:58,0,187,232,1
PD-08732-0824,2024-12-01 11:17:45,2024-12-01 11:17:45,0,43,241,1
PD-95997-5019,2024-12-03 03:55:11,2024-12-03 03:55:11,0,707,191,1
PD-81215-4989,2024-12-05 21:16:07,2024-12-05 21:16:07,0,112,109,1
PD-72365-7498,2024-12-04 11:29:17,2024-12-04 11:29:17,0,816,107,1
PD-45361-3451,2024-12-05 19:11:31,2024-12-05 19:11:31,0,65,185,1
PD-21584-1684,2024-12-06 06:56:45,2024-12-06 06:56:45,0,201,178,1
PD-05729-3797,2024-12-01 10:16:45,2024-12-01 10:16:45,0,399,136,1
PD-76007-5017,2024-12-03 15:28:22,2024-12-03 15:28:22,0,208,127,1
PD-00716-0759,2024-12-05 07:19:55,2024-12-05 07:19:55,0,651,127,1
PD-33222-4491,2024-12-06 09:11:22,2024-12-06 09:11:22,0,538,250,1
PD-82047-8546,2024-12-06 21:59:14,2024-12-06 21:59:14,0,874,159,1
PD-48196-3255,2024-12-02 03:38:04,2024-12-02 03:38:04,0,47,114,1
PD-16495-5430,2024-12-05 01:31:04,2024-12-05 01:31:04,0,111,104,1
PD-31972-4192,2024-12-04 18:53:44,2024-12-04 18:53:44,0,597,126,1
PD-10652-8315,2024-12-03 23:20:34,2024-12-03 23:20:34,0,452,185,1
PD-38826-6470,2024-12-03 07:19:16,2024-12-03 07:19:16,0,522,98,1
PD-65315-6498,2024-12-04 02:58:30,2024-12-04 02:58:30,0,599,112,1
PD-30814-3572,2024-12-01 11:38:49,2024-12-01 11:38:49,0,28,168,1
PD-35418-5619,2024-12-05 22:57:52,2024-12-05 22:57:52,0,126,199,1
PD-44888-3147,2024-12-05 21:56:07,2024-12-05 21:56:07,0,246,193,1
PD-52102-2165,2024-12-06 04:53:49,2024-12-06 04:53:49,0,99,242,1
PD-84829-3293,2024-12-03 09:46:15,2024-12-03 09:46:15,0,978,101,1
PD-05905-2119,2024-12-01 00:12:43,2024-12-01 00:12:43,0,344,182,1
PD-25097-0626,2024-12-03 10:34:19,2024-12-03 10:34:19,0,378,97,1
PD-99439-2417,2024-12-03 23:47:09,2024-12-03 23:47:09,0,351,181,1
PD-19675-7233,2024-12-04 20:24:36,2024-12-04 20:24:36,0,821,220,1
PD-06095-2966,2024-12-04 17:07:52,2024-12-04 17:07:52,0,168,136,1
PD-03165-0057,2024-12-01 11:41:54,2024-12-01 11:41:54,0,706,240,1
PD-52932-1879,2024-12-01 15:38:47,2024-12-01 15:38:47,0,401,239,1
PD-41810-3533,2024-12-01 14:15:53,2024-12-01 14:15:53,0,181,145,1
PD-44114-3581,2024-12-02 15:12:15,2024-12-02 15:12:15,0,417,247,1
PD-92700-7607,2024-12-04 21:53:09,2024-12-04 21:53:09,0,770,124,1
PD-69410-1560,2024-12-05 21:41:23,2024-12-05 21:41:23,0,44,190,1
PD-30326-9521,2024-12-02 18:25:17,2024-12-02 18:25:17,0,667,192,1
PD-61420-3738,2024-12-02 08:42:37,2024-12-02 08:42:37,0,700,220,1
PD-61548-4115,2024-12-03 22:22:23,2024-12-03 22:22:23,0,77,112,1
PD-40676-2950,2024-12-06 10:06:31,2024-12-06 10:06:31,0,755,181,1
PD-83109-8424,2024-12-05 15:04:24,2024-12-05 15:04:24,0,234,188,1
PD-45759-8734,2024-12-04 17:41:38,2024-12-04 17:41:38,0,949,165,1
PD-54202-0727,2024-12-04 23:45:03,2024-12-04 23:45:03,0,396,221,1
PD-76344-1166,2024-12-05 06:46:01,2024-12-05 06:46:01,0,407,112,1
PD-93634-8647,2024-12-01 17:10:24,2024-12-01 17:10:24,0,521,244,1
PD-67243-0773,2024-12-03 14:42:33,2024-12-03 14:42:33,0,65,137,1
PD-43112-9072,2024-12-04 07:42:53,2024-12-04 07:42:53,0,321,178,1
PD-40409-3466,2024-12-04 22:32:22,2024-12-04 22:32:22,0,649,166,1
PD-33307-4407,2024-12-05 06:29:32,2024-12-05 06:29:32,0,49,146,1
PD-06309-8117,2024-12-06 12:44:35,2024-12-06 12:44:35,0,67,98,1
PD-07421-7389,2024-12-05 05:10:20,2024-12-05 05:10:20,0,362,210,1
PD-22230-1323,2024-12-02 16:31:24,2024-12-02 16:31:24,0,893,111,1
PD-25795-0026,2024-12-02 02:01:27,2024-12-02 02:01:27,0,859,213,1
PD-27419-5447,2024-12-06 00:53:05,2024-12-06 00:53:05,0,879,202,1
PD-35833-4080,2024-12-05 11:06:55,2024-12-05 11:06:55,0,560,244,1
PD-49828-3559,2024-12-03 23:11:51,2024-12-03 23:11:51,0,580,194,1
PD-91443-6314,2024-12-03 21:47:42,2024-12-03 21:47:42,0,14,212,1
PD-63724-6267,2024-12-06 21:40:01,2024-12-06 21:40:01,0,211,209,1
PD-06715-7587,2024-12-03 20:42:42,2024-12-03 20:42:42,0,706,161,1
PD-15511-4092,2024-12-03 22:37:04,2024-12-03 22:37:04,0,846,204,1
PD-74197-5714,2024-12-05 02:06:17,2024-12-05 02:06:17,0,342,200,1
PD-21801-5095,2024-12-01 01:12:11,2024-12-01 01:12:11,0,898,119,1
PD-27454-2687,2024-12-01 02:03:32,2024-12-01 02:03:32,0,832,97,1
PD-48097-8205,2024-12-04 17:24:05,2024-12-04 17:24:05,0,77,213,1
PD-04197-2332,2024-12-06 11:38:52,2024-12-06 11:38:52,0,208,158,1
PD-66204-6099,2024-12-06 02:30:10,2024-12-06 02:30:10,0,630,110,1
PD-87888-9685,2024-12-02 20:37:51,2024-12-02 20:37:51,0,211,223,1
PD-65786-0608,2024-12-02 13:05:35,2024-12-02 13:05:35,0,331,250,1
PD-36018-4913,2024-12-06 03:03:58,2024-12-06 03:03:58,0,789,224,1
PD-13873-9932,2024-12-01 02:59:46,2024-12-01 02:59:46,0,271,182,1
PD-12729-5923,2024-12-04 21:13:43,2024-12-04 21:13:43,0,535,150,1
PD-47651-9502,2024-12-02 17:17:13,2024-12-02 17:17:13,0,903,116,1
PD-39295-8913,2024-12-05 01:51:57,2024-12-05 01:51:57,0,599,147,1
PD-33144-1791,2024-12-02 15:36:53,2024-12-02 15:36:53,0,347,92,1
PD-31595-8431,2024-12-02 18:53:06,2024-12-02 18:53:06,0,422,115,1
PD-07140-6484,2024-12-05 03:29:59,2024-12-05 03:29:59,0,321,232,1
PD-06486-9862,2024-12-03 19:34:59,2024-12-03 19:34:59,0,640,120,1
PD-57984-9611,2024-12-01 08:51:13,2024-12-01 08:51:13,0,621,240,1
PD-75050-5180,2024-12-04 12:48:54,2024-12-04 12:48:54,0,41,224,1
PD-00362-2749,2024-12-05 04:40:43,2024-12-05 04:40:43,0,804,241,1
PD-02329-7704,2024-12-01 08:54:13,2024-12-01 08:54:13,0,436,178,1
PD-66024-5478,2024-12-04 17:08:19,2024-12-04 17:08:19,0,139,215,1
PD-66086-3739,2024-12-01 01:56:39,2024-12-01 01:56:39,0,729,184,1
PD-71297-5434,2024-12-03 21:39:07,2024-12-03 21:39:07,0,674,109,1
PD-18872-9049,2024-12-02 08:14:27,2024-12-02 08:14:27,0,396,201,1
PD-31558-4304,2024-12-03 22:39:11,2024-12-03 22:39:11,0,488,126,1
PD-59471-8267,2024-12-01 11:29:10,2024-12-01 11:29:10,0,328,208,1
PD-85761-8569,2024-12-01 23:15:28,2024-12-01 23:15:28,0,976,98,1
PD-61207-3142,2024-12-04 00:07:43,2024-12-04 00:07:43,0,145,222,1
PD-84326-1677,2024-12-03 11:47:18,2024-12-03 11:47:18,0,747,196,1
PD-90940-4563,2024-12-01 20:39:12,2024-12-01 20:39:12,0,329,218,1
PD-78023-9257,2024-12-02 23:17:12,2024-12-02 23:17:12,0,120,173,1
PD-94805-4841,2024-12-02 18:18:05,2024-12-02 18:18:05,0,543,118,1
PD-96744-0315,2024-12-01 18:48:58,2024-12-01 18:48:58,0,986,234,1
PD-01046-8407,2024-12-03 12:44:25,2024-12-03 12:44:25,0,997,243,1
PD-28147-3124,2024-12-06 14:48:25,2024-12-06 14:48:25,0,190,143,1
PD-44224-3858,2024-12-02 09:28:08,2024-12-02 09:28:08,0,51,145,1
PD-20125-1383,2024-12-01 05:53:40,2024-12-01 05:53:40,0,796,146,1
PD-95220-5660,2024-12-05 11:29:37,2024-12-05 11:29:37,0,892,209,1
PD-78278-7558,2024-12-02 02:54:19,2024-12-02 02:54:19,0,655,220,1
PD-08195-5348,2024-12-03 19:48:32,2024-12-03 19:48:32,0,658,128,1
PD-84530-3850,2024-12-01 03:50:19,2024-12-01 03:50:19,0,674,246,1
PD-89834-4788,2024-12-04 11:19:15,2024-12-04 11:19:15,0,277,102,1
PD-89024-8645,2024-12-02 01:01:14,2024-12-02 01:01:14,0,638,92,1
PD-64189-6388,2024-12-04 13:06:00,2024-12-04 13:06:00,0,59,195,1
PD-65190-0088,2024-12-03 16:53:14,2024-12-03 16:53:14,0,993,223,1
PD-24309-0852,2024-12-02 17:43:44,2024-12-02 17:43:44,0,954,93,1
PD-37110-2935,2024-12-01 07:20:34,2024-12-01 07:20:34,0,848,193,1
PD-59216-8726,2024-12-05 02:19:02,2024-12-05 02:19:02,0,649,192,1
PD-85550-8142,2024-12-04 19:13:56,2024-12-04 19:13:56,0,213,91,1
PD-86576-8435,2024-12-05 02:21:27,2024-12-05 02:21:27,0,640,243,1
PD-24346-8461,2024-12-02 13:01:55,2024-12-02 13:01:55,0,27,209,1
PD-94930-1335,2024-12-05 04:34:55,2024-12-05 04:34:55,0,81,97,1
PD-16113-8151,2024-12-05 14:41:27,2024-12-05 14:41:27,0,377,218,1
PD-99222-1800,2024-12-02 21:16:56,2024-12-02 21:16:56,0,426,225,1
PD-35273-0536,2024-12-01 00:14:32,2024-12-01 00:14:32,0,497,196,1
PD-36816-8210,2024-12-01 22:58:46,2024-12-01 22:58:46,0,520,140,1
PD-77782-7398,2024-12-04 08:55:21,2024-12-04 08:55:21,0,2,244,1
PD-06195-9292,2024-12-04 14:49:19,2024-12-04 14:49:19,0,615,209,1
PD-97137-4466,2024-12-04 23:26:25,2024-12-04 23:26:25,0,465,176,1
PD-16186-0578,2024-12-06 16:29:07,2024-12-06 16:29:07,0,828,200,1
PD-04748-4829,2024-12-01 05:00:59,2024-12-01 05:00:59,0,68,105,1
PD-26219-1935,2024-12-03 13:20:04,2024-12-03 13:20:04,0,617,230,1
PD-42692-3065,2024-12-02 07:46:28,2024-12-02 07:46:28,0,585,116,1
PD-43840-4356,2024-12-05 22:13:52,2024-12-05 22:13:52,0,266,221,1
PD-68933-5930,2024-12-01 12:50:20,2024-12-01 12:50:20,0,283,186,1
PD-26750-9123,2024-12-04 09:25:36,2024-12-04 09:25:36,0,267,165,1
PD-30057-9316,2024-12-06 18:14:43,2024-12-06 18:14:43,0,123,199,1
PD-54296-5439,2024-12-02 06:28:02,2024-12-02 06:28:02,0,974,165,1
PD-02503-5913,2024-12-01 13:38:59,2024-12-01 13:38:59,0,599,102,1
PD-37168-8412,2024-12-01 19:30:15,2024-12-01 19:30:15,0,176,115,1
PD-17506-0699,2024-12-01 09:51:08,2024-12-01 09:51:08,0,585,238,1
PD-77579-7832,2024-12-05 07:31:35,2024-12-05 07:31:35,0,425,201,1
PD-65688-8267,2024-12-02 21:54:03,2024-12-02 21:54:03,0,56,248,1
PD-87941-4552,2024-12-04 00:45:49,2024-12-04 00:45:49,0,661,163,1
PD-78284-6107,2024-12-06 07:16:17,2024-12-06 07:16:17,0,749,222,1
PD-43169-3879,2024-12-05 19:39:31,2024-12-05 19:39:31,0,123,153,1
PD-76583-9514,2024-12-03 14:45:38,2024-12-03 14:45:38,0,400,239,1
PD-39914-5643,2024-12-01 21:36:38,2024-12-01 21:36:38,0,399,201,1
PD-26640-6268,2024-12-01 13:17:22,2024-12-01 13:17:22,0,491,108,1
PD-51913-4133,2024-12-03 01:24:32,2024-12-03 01:24:32,0,299,201,1
PD-66051-6486,2024-12-04 22:43:17,2024-12-04 22:43:17,0,485,159,1
PD-36677-9418,2024-12-06 17:26:40,2024-12-06 17:26:40,0,945,131,1
PD-67411-6688,2024-12-03 21:59:15,2024-12-03 21:59:15,0,108,223,1
PD-94211-6968,2024-12-04 20:34:45,2024-12-04 20:34:45,0,230,246,1
PD-58798-2088,2024-12-04 10:28:09,2024-12-04 10:28:09,0,208,183,1
PD-49938-0012,2024-12-06 21:22:29,2024-12-06 21:22:29,0,96,98,1
PD-72627-7443,2024-12-04 13:41:38,2024-12-04 13:41:38,0,521,166,1
PD-86824-2518,2024-12-05 15:43:36,2024-12-05 15:43:36,0,819,220,1
PD-08904-1142,2024-12-03 12:12:43,2024-12-03 12:12:43,0,881,160,1
PD-00678-5449,2024-12-06 17:51:42,2024-12-06 17:51:42,0,496,122,1
PD-54933-4998,2024-12-02 17:09:10,2024-12-02 17:09:10,0,767,164,1
PD-30474-7054,2024-12-06 13:27:43,2024-12-06 13:27:43,0,293,122,1
PD-73511-8074,2024-12-01 15:42:47,2024-12-01 15:42:47,0,527,176,1
PD-87762-6389,2024-12-01 10:41:47,2024-12-01 10:41:47,0,462,128,1
PD-89543-7579,2024-12-04 00:11:36,2024-12-04 00:11:36,0,558,102,1
PD-51946-0179,2024-12-05 05:50:13,2024-12-05 05:50:13,0,991,176,1
PD-38851-6876,2024-12-02 03:10:13,2024-12-02 03:10:13,0,218,183,1
PD-86030-2707,2024-12-06 14:11:11,2024-12-06 14:11:11,0,442,162,1
PD-25188-9151,2024-12-06 10:32:24,2024-12-06 10:32:24,0,857,207,1
PD-34057-8167,2024-12-05 17:57:20,2024-12-05 17:57:20,0,277,163,1
PD-23663-4357,2024-12-04 19:29:10,2024-12-04 19:29:10,0,393,155,1
PD-65365-2777,2024-12-01 12:12:37,2024-12-01 12:12:37,0,453,120,1
PD-05065-0801,2024-12-05 12:56:15,2024-12-05 12:56:15,0,672,141,1
PD-86247-4638,2024-12-05 05:28:02,2024-12-05 05:28:02,0,160,241,1
PD-71820-0185,2024-12-04 10:07:04,2024-12-04 10:07:04,0,757,102,1
PD-69879-2253,2024-12-03 22:21:37,2024-12-03 22:21:37,0,397,231,1
PD-70105-1848,2024-12-04 23:22:58,2024-12-04 23:22:58,0,618,165,1
PD-42262-9035,2024-12-03 08:57:47,2024-12-03 08:57:47,0,527,91,1
PD-68445-9194,2024-12-06 09:28:30,2024-12-06 09:28:30,0,775,182,1
PD-61251-5997,2024-12-02 15:03:33,2024-12-02 15:03:33,0,517,128,1
PD-26669-1192,2024-12-04 23:21:48,2024-12-04 23:21:48,0,654,171,1
PD-29666-6258,2024-12-03 06:58:55,2024-12-03 06:58:55,0,406,219,1
PD-94655-9006,2024-12-04 11:03:47,2024-12-04 11:03:47,0,387,238,1
PD-48869-3256,2024-12-01 18:10:10,2024-12-01 18:10:10,0,264,210,1
PD-95261-6643,2024-12-02 03:03:32,2024-12-02 03:03:32,0,561,240,1
PD-93985-8486,2024-12-05 19:33:54,2024-12-05 19:33:54,0,76,232,1
PD-52707-3393,2024-12-03 02:18:08,2024-12-03 02:18:08,0,668,243,1
PD-53191-5351,2024-12-06 20:52:45,2024-12-06 20:52:45,0,789,248,1
PD-54617-7673,2024-12-06 21:06:13,2024-12-06 21:06:13,0,485,154,1
PD-75034-8040,2024-12-05 19:04:52,2024-12-05 19:04:52,0,301,139,1
PD-22551-0073,2024-12-06 15:33:41,2024-12-06 15:33:41,0,152,123,1
PD-05393-9295,2024-12-01 12:56:38,2024-12-01 12:56:38,0,311,173,1
PD-20814-8445,2024-12-05 23:19:58,2024-12-05 23:19:58,0,45,177,1
PD-59561-4685,2024-12-04 16:03:41,2024-12-04 16:03:41,0,924,98,1
PD-60066-6787,2024-12-01 15:48:34,2024-12-01 15:48:34,0,260,183,1
PD-41077-1058,2024-12-03 09:30:51,2024-12-03 09:30:51,0,322,98,1
PD-53253-1756,2024-12-05 10:50:30,2024-12-05 10:50:30,0,952,241,1
PD-45973-1426,2024-12-04 19:51:47,2024-12-04 19:51:47,0,174,153,1
PD-34164-1975,2024-12-05 12:14:59,2024-12-05 12:14:59,0,12,180,1
PD-93421-3719,2024-12-03 14:17:57,2024-12-03 14:17:57,0,914,185,1
PD-10523-1815,2024-12-02 22:58:03,2024-12-02 22:58:03,0,383,176,1
PD-41256-0737,2024-12-01 07:46:29,2024-12-01 07:46:29,0,421,238,1
PD-79671-6749,2024-12-06 06:33:19,2024-12-06 06:33:19,0,890,150,1
PD-86520-2269,2024-12-01 11:42:50,2024-12-01 11:42:50,0,821,119,1
PD-55303-6810,2024-12-06 19:24:28,2024-12-06 19:24:28,0,947,91,1
PD-26074-3024,2024-12-05 18:57:56,2024-12-05 18:57:56,0,827,224,1
PD-56299-6128,2024-12-06 23:10:39,2024-12-06 23:10:39,0,715,198,1
PD-40229-2171,2024-12-04 03:15:53,2024-12-04 03:15:53,0,388,223,1
PD-86378-8572,2024-12-01 06:12:51,2024-12-01 06:12:51,0,40,162,1
PD-02280-3581,2024-12-05 18:21:16,2024-12-05 18:21:16,0,794,144,1
PD-23128-9330,2024-12-06 04:07:01,2024-12-06 04:07:01,0,466,95,1
PD-71696-3885,2024-12-02 17:42:18,2024-12-02 17:42:18,0,953,220,1
PD-22027-0454,2024-12-01 18:06:25,2024-12-01 18:06:25,0,574,175,1
PD-10651-0403,2024-12-01 14:42:15,2024-12-01 14:42:15,0,397,241,1
PD-10445-8835,2024-12-03 07:29:41,2024-12-03 07:29:41,0,851,224,1
PD-28793-8586,2024-12-04 20:41:22,2024-12-04 20:41:22,0,99,237,1
PD-29784-9214,2024-12-01 11:57:24,2024-12-01 11:57:24,0,176,204,1
PD-36103-6680,2024-12-05 07:45:48,2024-12-05 07:45:48,0,626,247,1
PD-21280-8042,2024-12-02 04:14:55,2024-12-02 04:14:55,0,864,239,1
PD-15095-8231,2024-12-04 15:23:42,2024-12-04 15:23:42,0,956,194,1
PD-51436-7508,2024-12-03 09:26:21,2024-12-03 09:26:21,0,305,138,1
PD-08257-0705,2024-12-06 08:27:23,2024-12-06 08:27:23,0,975,107,1
PD-69007-4440,2024-12-03 02:52:09,2024-12-03 02:52:09,0,415,157,1
PD-26664-5893,2024-12-03 14:10:43,2024-12-03 14:10:43,0,530,229,1
PD-95698-3647,2024-12-05 18:44:56,2024-12-05 18:44:56,0,523,160,1
PD-95079-9278,2024-12-03 07:23:15,2024-12-03 07:23:15,0,212,122,1
PD-86481-7765,2024-12-01 16:48:35,2024-12-01 16:48:35,0,350,190,1
PD-25390-7566,2024-12-06 22:35:25,2024-12-06 22:35:25,0,71,155,1
PD-78682-3644,2024-12-01 05:18:38,2024-12-01 05:18:38,0,251,135,1
PD-11222-6233,2024-12-02 08:11:46,2024-12-02 08:11:46,0,106,125,1
PD-50518-7811,2024-12-04 15:11:04,2024-12-04 15:11:04,0,326,208,1
PD-17138-3568,2024-12-02 12:30:43,2024-12-02 12:30:43,0,994,129,1
PD-37153-8797,2024-12-01 05:00:34,2024-12-01 05:00:34,0,813,152,1
PD-46176-4302,2024-12-06 09:58:40,2024-12-06 09:58:40,0,629,105,1
PD-68562-9760,2024-12-02 20:21:34,2024-12-02 20:21:34,0,200,111,1
PD-85043-7769,2024-12-01 16:43:37,2024-12-01 16:43:37,0,312,212,1
PD-82805-5862,2024-12-05 02:10:21,2024-12-05 02:10:21,0,275,104,1
PD-74937-0502,2024-12-04 02:24:06,2024-12-04 02:24:06,0,794,182,1
PD-43045-9060,2024-12-03 11:55:27,2024-12-03 11:55:27,0,138,133,1
PD-09999-0805,2024-12-03 23:19:35,2024-12-03 23:19:35,0,461,225,1
PD-18892-3187,2024-12-05 06:29:54,2024-12-05 06:29:54,0,113,177,1
PD-80092-8790,2024-12-05 23:38:09,2024-12-05 23:38:09,0,99,194,1
PD-90343-2902,2024-12-02 14:29:19,2024-12-02 14:29:19,0,505,112,1
PD-93402-4207,2024-12-02 10:41:47,2024-12-02 10:41:47,0,344,95,1
PD-61181-7221,2024-12-01 00:49:44,2024-12-01 00:49:44,0,915,165,1
PD-19712-5404,2024-12-05 00:00:13,2024-12-05 00:00:13,0,564,149,1
PD-13431-7680,2024-12-02 21:12:10,2024-12-02 21:12:10,0,247,247,1
PD-75020-2672,2024-12-02 12:45:03,2024-12-02 12:45:03,0,331,171,1
PD-77399-2388,2024-12-04 14:21:13,2024-12-04 14:21:13,0,534,163,1
PD-04048-3622,2024-12-04 14:32:43,2024-12-04 14:32:43,0,256,119,1
PD-83875-5389,2024-12-01 12:54:42,2024-12-01 12:54:42,0,468,166,1
PD-23392-3350,2024-12-05 13:47:33,2024-12-05 13:47:33,0,455,181,1
PD-67418-2334,2024-12-02 23:43:54,2024-12-02 23:43:54,0,244,105,1
PD-34766-9758,2024-12-06 20:02:44,2024-12-06 20:02:44,0,628,209,1
PD-51576-4754,2024-12-01 16:24:56,2024-12-01 16:24:56,0,635,236,1
PD-49159-9365,2024-12-01 02:51:34,2024-12-01 02:51:34,0,950,189,1
PD-97675-8058,2024-12-01 15:19:30,2024-12-01 15:19:30,0,298,199,1
PD-71100-9785,2024-12-03 18:05:09,2024-12-03 18:05:09,0,304,203,1
PD-94426-4402,2024-12-05 19:16:23,2024-12-05 19:16:23,0,896,167,1
PD-51228-0700,2024-12-04 03:26:59,2024-12-04 03:26:59,0,486,117,1
PD-71954-8402,2024-12-06 17:39:20,2024-12-06 17:39:20,0,348,131,1
PD-78992-0402,2024-12-03 08:17:02,2024-12-03 08:17:02,0,548,96,1
PD-84318-1673,2024-12-04 06:10:45,2024-12-04 06:10:45,0,877,146,1
PD-25925-8428,2024-12-06 11:00:23,2024-12-06 11:00:23,0,355,138,1
PD-68875-7130,2024-12-02 01:19:45,2024-12-02 01:19:45,0,786,114,1
PD-20512-2670,2024-12-05 11:00:11,2024-12-05 11:00:11,0,666,175,1
PD-74694-6881,2024-12-02 14:48:20,2024-12-02 14:48:20,0,459,232,1
PD-01776-9128,2024-12-01 18:08:43,2024-12-01 18:08:43,0,884,116,1
PD-25439-4675,2024-12-01 18:14:18,2024-12-01 18:14:18,0,666,246,1
PD-63182-9780,2024-12-01 01:03:30,2024-12-01 01:03:30,0,575,132,1
PD-87777-8707,2024-12-06 08:19:24,2024-12-06 08:19:24,0,236,172,1
PD-28736-3061,2024-12-06 21:23:35,2024-12-06 21:23:35,0,479,117,1
PD-51451-3055,2024-12-05 20:20:48,2024-12-05 20:20:48,0,213,198,1
PD-44507-3344,2024-12-01 04:53:55,2024-12-01 04:53:55,0,2,229,1
PD-95072-7765,2024-12-05 14:43:22,2024-12-05 14:43:22,0,979,108,1
PD-01080-6415,2024-12-06 16:10:10,2024-12-06 16:10:10,0,19,164,1
PD-36582-9219,2024-12-06 09:27:13,2024-12-06 09:27:13,0,281,137,1
